user_id,lgb_recommendations
1,[9527558 9297615  940947 1082212  872137]
3,[1106523 5569230  983584  885697  899624]
6,[1082185 1098844  878996 1024306  900802]
7,[1126899 1106523  993638 1122358 1029743]
8,[ 1029743   872137  1070820  1090507 12302069]
9,[ 1056005  1029743 12171886  1082185  1070820]
13,[1029743 1038985 9677874  886317 1075007]
14,[1029743 1136755 1093413  832678  910673]
15,[1029743 1070820  845208 1082185 1106523]
16,[1082185  909714 1068719 1081177 1105488]
17,[ 916122 1118046  899624 1044078  944486]
18,[ 916122  938118  951412 1029313  961620]
19,[944486 962229 841220 837751 910473]
20,[1075368 1126899  995628  995965 8090536]
22,[1082185 1070820  827656 1018339 1104349]
23,[1075368 1034176 1138858 1029743  893221]
24,[1016800  926905 1094308 1008814  870547]
25,[1029743 1075786 1041796 5568378 1106523]
26,[ 896862 1082185 9296919 1068719 1022254]
27,[ 963686 1102416 1058709 1057168  910473]
28,[ 940947 6533911  916122  854900 6534030]
29,[1082185 1029743  854900 1065871  849202]
30,[1082185 1106523  918046  910473 1081177]
31,[1070820 1062128  901062 1138443 1004906]
32,[1094924  908312  901062 1082185 1003649]
33,[9831469  871756 1082185 1106523 1029743]
34,[1082185 1029743 1056005  993638  909714]
35,[1082185 1029743 6464165  953539  899624]
36,[1029743  909714  849578  962229  912451]
37,[1056212 1097001 1067695  916990  898448]
39,[ 1127716  9416729 13158992   923789  1004001]
40,[  951412   928263 12757544  1083043  1112205]
41,[ 913210 6961848 9419888  909714 1126899]
42,[ 839656 6602697 5995177  932462 1060673]
43,[1082185 1029743  887375  909714 1068719]
46,[ 909714 1098844 6391152  862335  835278]
47,[8119318 8119103  940947  965766 5569230]
48,[ 1082185  1106523  1068719 12781564   909714]
49,[1070820  911311  933835  883003  967144]
52,[1106523 1116020 1127831  971540  993592]
53,[5569471 1087102 6034857 1082185 5585510]
55,[1082185 1097280 1116589  883932 1068719]
56,[ 940947  979707 1003321 9803545  900586]
57,[  986912  1082185   976214 13213475  7139529]
58,[ 944836  915493 1062128  909714 1047769]
59,[1082185 1106523  899624 1022254 1004906]
60,[1082185 1029743 1040807  899459  909714]
63,[1082185  871570 1062572  834117 7431408]
64,[1106523 7409951 7410336 1131344 1004906]
65,[1070820  986912  965766 1029743 1128016]
67,[ 971922 1098844 1139782  933835  951197]
68,[1029743  916122 1004906 1101010  913210]
69,[5570109  871061  999198 1044188  944137]
70,[1082185 1130375 1068719 1081177  899624]
71,[10149656  1056509  1082185  1029743  1008288]
72,[5570109  991874  979707 8019681 1115098]
73,[1082185 1070820 1062128 1127831  960791]
74,[1106523 1082185 1098248  899459 1105488]
75,[1082185 1068719 1081177  899624 1070820]
76,[1082185 1068719 1081177  899624 1070820]
77,[ 829323  849578  955921  919534 1126899]
78,[1082185 1039627 6773232 1067779  835098]
79,[1029743 1070820  899624  849697  856252]
80,[1029743  844179  866211 1055504  835098]
81,[ 971922  898847 1093413  882146  902377]
82,[1084036  849202  880150  910473 1082185]
83,[1082185  899624  879393  848319 1059902]
84,[ 903529 5569374  829722  920025 1082185]
85,[1075368  940947 1068719 1022254  971922]
86,[ 899201 1135195  820301 5569376  854852]
87,[1082185 6391089 1079528 1083043 6039740]
88,[ 1075368 12949590  1054539  8090521   822259]
89,[1082185 1068719 1081177  899624 1070820]
90,[1082185 1070820  866211 1068719  954673]
91,[ 910151 1029743 1000148 1082185  916122]
92,[12946027   871061  1082185  6391089  1126899]
94,[1082185 1130452  961979 1139638  965679]
95,[1029743 1106523  976199  983584 8090519]
97,[ 1075368   968072 12262830  6463752   979707]
98,[1091858  847241 9333437 1082185  974204]
99,[5590613  916993 5590695  995311 1080677]
101,[1106523  899624  929410 1044078  844179]
103,[1106523 1082185 1029743  899624  983584]
104,[1029743  919534  965766 1098844 5569230]
105,[1004906  844179 1067695  916122 1106523]
106,[5569230 1082185 6034857 1116050  894439]
108,[1070820  830526 1104343 1053988 8290421]
109,[12731436  1046756   944836  8290421   835098]
110,[1044078 1106523 1068719 1022254 5585510]
111,[1106523 1082185 1004906 1019643 8090550]
112,[1082185 1070820  866211 9527159 1022066]
113,[ 1098844  1018339   862682 15831209   976199]
114,[1029743 7025203 5568489 1017739 1070820]
115,[12648296   918598   983584 13512017   963971]
116,[1019637 1014732 1082185 1104343  961021]
117,[ 852235  899682  940947  928589 1105488]
118,[ 1082185   893018  1083043  5585510 13381584]
119,[1002771  871722 5565664  825994 1029743]
120,[1082185 1068719 1081177  899624 1070820]
121,[1004906 1029743  844179  965766 1044078]
122,[ 940947 1082185 1086119  949132 1116635]
123,[ 1029743  1056509  1070702   976199 12301405]
124,[1082185 1037840 1106523 1004906 1118033]
125,[ 834117  971922 1057749  936117 1121694]
127,[1029743 1106523  983584  854852 1075368]
128,[ 1029743  1098248 12263857  9420337  1082185]
131,[ 990797 1068719 1098284  957232 6979545]
132,[ 854852 1126899  862682  999198  986912]
133,[12263857   866211   979707  6513604  1029743]
135,[ 852360 1082185  898121 1117690  959455]
136,[1106523 8090521 8090537  865511 1004906]
138,[1098844  979707 1006906 1069609 1009361]
139,[1082185 1050741 1134006  866211 1021324]
142,[  997011 13877192  1082212   990797  1013826]
143,[1075368 5569230  965766 1037840  990869]
144,[ 925862 1106523 1022254  965766 5590613]
145,[1029743 1082185 1126899  850102 1121393]
147,[1106523 9419525 1082185  913210  957232]
148,[ 835058 1003487  972726 1029743 1126899]
149,[ 979707 6533936  913210  873044  883003]
151,[1029743  916122 1126899 1082185 1106523]
152,[1037332 1092303  882308 1082185  852235]
153,[1006063  897954 1082185  984575  916122]
154,[1082185 1106523 1102416  899624  965766]
155,[ 1029743 12648296  1075368  1011920  1044078]
156,[1070820 1029743 1106523 1082185 5569230]
157,[1098844  913210  962229  857540 1082185]
158,[ 1092303  1082185   997423   889533 12731714]
159,[1068719 1004906 1106523  978129 1131344]
160,[1101010  933835 1087102 1070820  883003]
161,[ 5568378   935527   957063 12352054   976199]
162,[ 1070820  1122358 13115501  1029743  6034857]
163,[1082185 1068719 6533936 1081177  899624]
164,[1029743 1106523  983584  957736  970605]
165,[1104343 1070820 1082185  944534 8090521]
166,[1029743 1075368 1101010  885697  880888]
167,[ 862799 1082185  833724 1072693 1006063]
171,[1029743 1044078 1004906  913210  899624]
172,[ 891632 1118046 5569230 1082185  829722]
175,[1070272  994685 1082185 1106523 1102829]
177,[1082185 1126899 1083787 8090521 5570467]
178,[  963686 13841744   827656  1116376  1040807]
180,[1029743 1106523 1082185 1122358 5590613]
182,[1082185 1106523 1044078 1083787 5592931]
183,[1106523 1082185  819840 1026118 8090440]
184,[6534229  896085 9835509 1108776 1053924]
185,[1029743 1082185 1068719  899624  990797]
188,[1082185 1106523 1044078  944534  983584]
189,[13841744  9707498  1082185   986912  1075470]
191,[1082185  865456 1060543 1068719 1081177]
192,[ 5569230  1029743  1056509 13877192  9245106]
193,[1106523 1029743 1082185 8090537 1104205]
194,[ 951412  854852 1082185 6391381 1051468]
195,[ 872137 1029743 1062128 1022254 7167836]
196,[1082185 5569230 1081177  926905 1044078]
197,[1126899 7169088 9881593  963835 1075214]
198,[ 937330 1118946  866548  908408 1075368]
199,[1082212 1082185 1098694 1029685 9553048]
200,[5568378  823990 1082185  983584 1001702]
201,[6034857 1138292 1082185  972665 1106523]
203,[1082185 1029743 1070820 1068719 1004906]
204,[1082185 1070820  923670 1040807 1068719]
205,[1082185 1106523 5569230  916122  819840]
206,[1082185 1106523 1068719 1044078 1001702]
207,[ 951412  976199 1082185 1026118  866211]
208,[8065410  885290 1070820  991546  999270]
209,[5592931 1029743 1068719 1080472 1022254]
210,[1016800 1051323  899624  910473  871611]
211,[ 962229  945662  907099 1082185  832678]
212,[1029743 1044078 8090521 1070820  965766]
214,[1019643  901062 7168286 1082185  916487]
215,[ 985999 6391089 1082185 1016298  879699]
216,[ 986912  943169  927277 1090676 1082185]
217,[ 986912  976199 1040807  916122 1018740]
218,[1029743  878715  965772 1022254 1077133]
219,[ 937413 1010578 5568447  879504 1137507]
220,[1029743  839419 1082185  866211  865456]
221,[15926886  1130452  1082185  6424460  1106523]
222,[1126899  916122  878996 1075786  866211]
223,[993638 986912 965766 870547 957063]
224,[ 850925 1029743  896613  899624 1106523]
225,[1029743 1043663 1082185 1004906  839152]
226,[1082185 1029743 1068719 1044078  957232]
227,[ 871722 1011427  996009 1094562 1082185]
228,[1126899 1139782 1082185  899624 1068719]
230,[1029743 1044078  913210 1004906 1124695]
232,[1049922  962229  862799 1016800 1072693]
233,[1082185 1122568  862535 1068719  844179]
235,[1055425  983584  871337  860317 1062128]
236,[1126899 1082185 1029743  944836 1075368]
237,[1082185 1029743 1040807 7166672 7168739]
238,[ 948670 1106523 1082185 1102416  847241]
239,[1106523 1135258  971922  835098  820291]
240,[1082185 1106523 1068719  844179 1081177]
242,[1082185  939681  978343 1109136 7409845]
243,[1126899  901062 6034857 1135044  866211]
244,[1082185 8090537  834117  896757  866211]
245,[1029743 1106523 1132771  972416 1082185]
246,[1082185 1070820 1106523  839656 1082212]
247,[ 883003  901062 8090537 1082185 1000753]
248,[ 915064  883003 1126899 1082185 1029743]
249,[1029743 1106523 1038663 1044078  965766]
250,[1029743 1056509 8090537 1110244  885697]
251,[ 848029  880150 1029743 1070820 1040807]
253,[ 969866  933835 1022254  913210  822161]
254,[1106523 1082185  990797 1068719  844179]
255,[1082185 1029743  946839 1082212 1026946]
256,[1075368 1082212 1111786  965766  885406]
257,[1093413 1038663 6396492 1106523 1082185]
258,[ 906917 1082185 1029743 1070820 9526572]
259,[1062128 1082185 1071446  940947 1071594]
260,[1082185 1070820 5568378 1092303  865456]
261,[1082185 9881593  919534 5568378 6034857]
262,[1124971 1008814 1004906  916122  971922]
263,[1029743  844179  965766 1044078 1068719]
267,[ 901976  929373 1082185 1106523 1058754]
269,[1139782  899624 1082185 1004906 1009361]
271,[1082185 1126899 1110244 1137775  871756]
273,[1043663 1106523  856818 6979579 1069538]
275,[1106523  918638 1028238  924004  923789]
276,[ 1029743 13841744   847803 13512542   825317]
277,[1082185  844179 1029743  845208  983584]
278,[1082185 6034857  965766  844179 5568378]
279,[ 919534 1022254 1029743  944534  990797]
280,[ 1106523 12731544   999270   916122 12731517]
281,[1070820 1082185  999104  854852 1005274]
282,[1061402 7168129 1088462  979707 1123022]
283,[7409644  984680  878715 1110111 1108094]
285,[1106523  844179  969866 1013389  944534]
286,[1115069 1082185  840227 1120361 5569230]
287,[1106523  969866 5590695 1128240 9297310]
288,[1082185 1070820 1005456  983584 1026118]
289,[1125497 1082185 1104343 1042765  856210]
290,[1029743  962229 1132771 5568378  907631]
291,[1106523  911311 1082185 5592931  989069]
292,[1106523 1082185 1013928 1135468 5587656]
293,[14106445   979707  9553382   854852   985999]
294,[ 1106523  1101010   905087 13876914   932949]
297,[ 1029743 12648296  5568378   907631 10285373]
300,[ 944534 1082212  969866 6513604  832678]
301,[9837807 1094924 9837153  825994  996955]
302,[ 1082185 10344586   892531   907631  1133850]
303,[9487613 1044078 1029743 8090521 6534074]
304,[6979753  871061 9527184 5592610 7409874]
305,[1133850 1050741  885290 1029743 1070898]
306,[ 1029743 12782182 12731432   878442   933835]
307,[1074040 1065259 1019637 1114653 1135468]
308,[ 821741 5569230  963835 6904613 1043787]
311,[ 1106523  1082185  1029743 10456613  1121393]
314,[1082185 1106523  882308  820486  844179]
316,[1044078  933835 1122358 1068719 1025611]
317,[1082185  983584  849870  965766  990797]
318,[5569230 1106523 1044078 1082185  962229]
319,[1106523 1029743 1056509  976199 5569230]
320,[1082185  957232 1029743 1081177 1072693]
321,[ 1098844  1056509 13775274   976114  1116050]
322,[ 872137 1070820  916122  934156 9835509]
324,[1098844  918676 1070820  942278  957232]
325,[1029743  976199 1013389 5569230  948953]
326,[1082185 8090521 8090537  850102 1090931]
328,[1070820  979707  885290  925862  960732]
329,[ 944836  854852 1029743  878996 1127831]
331,[1106523 1082185 1029743 5565322 8090537]
332,[1056267 1070820 1044078 7160185 7441180]
334,[1029743 1082185  852360 5569230 1056509]
335,[1082185 1098248 1106523 1098844 1026118]
338,[1026118  819840 1106523  919681 1082185]
339,[1106523 1029743 1082185 1044078 5592931]
341,[1082185 6391089 1081177 1068719  892314]
342,[1029743  925862  972143  899624  863885]
343,[1082185 5569230  916122 1081177  951412]
345,[1029743 1137775  976199  899624 6602697]
346,[1029743 1101010 9245108  835098  819978]
347,[1082185 1029743 1126899  910473  940766]
348,[1029743 1068719 1024306 1044188  853124]
349,[1082185 1029743 1106523 1126899 1068719]
350,[1110244  986912 1082185  885697  899624]
351,[ 1106523 13841744  1082185  8020166 15571171]
353,[  866211 13907063   839656  1004906   909714]
354,[ 860703 1030182  820347  978343 8019233]
356,[1049735  834117 1082185 1029743  997025]
357,[1126899 1082185 1098844  909800  976199]
358,[5569230 5568489  957951  879008  872137]
360,[5568378 1082185 1068719  904129 1081177]
361,[1101010  885290 1056509 1082212  862799]
362,[1126045  986912 1081533 1128395 1082185]
364,[1029743 1106523 5569230 1041796 1086061]
365,[ 1082185  1136719  1062128 13186440  5566309]
367,[1070820  823775  833724 1047769 1104024]
368,[1082185  956125 1029743  899624  919534]
371,[ 941368 1137688 1104649 1078063  928123]
374,[1029743  878715 1075786 1110111 8090440]
375,[1029743 1082185 1106523  850102 1027835]
376,[1044078  999270  844179  965766  896862]
377,[1082185 1029743 1126899 1094924 1027090]
378,[ 1082185   944534 13213475   916990   948670]
380,[1106523  965766 1082185 1075786 1004906]
381,[1075368  933835 5569230 1056509 1029743]
382,[1082185 1029743  916122 1068719 1127831]
384,[ 1034176  1075368  1029743 10180324  1068957]
385,[6034857  933835 1087102 1006906  878715]
386,[1119761  899624 1083787 1139023 1029743]
387,[1126899  916122  904148 1098844  851819]
388,[1029743  849274  820612 1082185 9884698]
389,[ 1126899   916993 12781829   996795 10344585]
390,[5569230 1058243  993638 1082185  986912]
392,[ 951412 9296855  940947  963835 6034577]
393,[1029743  899624 6464165  896613 1031316]
394,[1137775  835098  867272  901062 1106523]
395,[1082185 1070820 1029743 1098844 5569230]
396,[ 879031 1075368 1082185 1131384 1126899]
397,[6904613 1029743 1126899  933835 1128016]
398,[1029743 1082185 1022097 1013928  871513]
399,[1082185 5569230  849202 1029688 1109136]
400,[ 5567702  5566235   857540 12695874  8090560]
401,[ 965766  942166 6396492  948832  988835]
402,[ 819978  853448 1082185 1029743  883003]
403,[ 880150  944534  863447 1082185  866211]
404,[1092588 9392953  918676  939907  864893]
405,[1029743 1101010  899624 1087102  948670]
406,[1082185 1029743 1070820 1137688  916122]
408,[5569230 1034176 1029743 1082185  903800]
409,[1070820 1098248 8090513  979707  901062]
410,[1029743 1082185  850925  899624 1132771]
411,[1029743 1106523 1082185 9677874  909800]
412,[1082185  945909 1005274 1029743  986912]
413,[1082185 1106523  986912 5569230  970160]
414,[ 1029743   844179 12672980   826597  1106523]
415,[ 864893 1082185  872762 1090884  916122]
417,[1082185 6464165  903800 1029743  866211]
418,[13190349  9677466  1022340   916487  1065061]
419,[1029743 1082185  933835 5569230 1040807]
420,[1029743 1106523  916122  866211 1027068]
421,[ 976199 1126899  849202 1068719 1070820]
424,[9803591 1040807 9802756  897083  844179]
425,[ 837908 1070820 1044078 1096728  870428]
426,[ 899682 1022254 1070820  854852  945909]
427,[1082185 1029743 1054539  916122  986912]
430,[1029743 1006483 1082185 1106523 5569230]
431,[1070820 1082185  834117 5569230 1092937]
432,[1044078 1029743  856252 1004906 1030093]
433,[1082185 1106523  896613  849003  969866]
434,[1068719 9837807 1044078 1068292  919534]
435,[1082185  899624  916122 1127716 5569230]
436,[1029743 1082185 5569845  878764 1106523]
437,[9884698  913210 1106523 1029743  962229]
438,[9881593 1120069  951197 1070820 6034857]
439,[1082185 1037840  899624  916122 1086119]
441,[ 1038985  1124971  6533681  1082185 12810393]
442,[1082185 1126899  976199 1003616  899624]
443,[ 899624 9396705 6463775 1056509 1082185]
445,[1070820 1126899  930335 1097001 1117514]
446,[1082185 1044188  899624  916122 1068719]
447,[1082185 1029743  899624 1031864  916122]
448,[1132771 1082185 7166861 1128016 1126899]
449,[1082185 1029743  899624  916122 1068719]
450,[ 933835 8015407 1024051  863762 1105488]
451,[ 999189  916122 1082185 1070820  925862]
452,[1082185  844179 1029743 1044078 1025611]
454,[5569230  845208  851287  983584 1021324]
456,[1075368  910207  962229  824193 1041796]
457,[1029743 1082185 1106523 1065259 1050851]
458,[ 1082185 12810391   828588  1001277  5569230]
459,[  885290   863762  1082185 13007846  1058243]
460,[1082185 1106523  885939 1098844  899624]
461,[1050851  897954 1004906 1082185  844179]
462,[1082185 1137775  999858 1045586 1105917]
463,[ 1082185  1106523  1036093 15452705   823775]
464,[ 1029743  1056509 13877192   935993   883003]
466,[1025611 1082185 1068719  874563 1117358]
467,[1106523  913210  900802 1082185  865456]
468,[1106523 1131506  878996 1098284 1082185]
469,[1098435 1098248  951412 1110111 9881593]
470,[ 908314  930385  871633  899624 1082185]
471,[1082185 1106523  986912 5569230  899624]
472,[ 919534 9881593 1041796 1047769 1065538]
473,[1053016 1056509 1108168 1019247 1128244]
474,[ 823990 1068719  844179 9835903 1088683]
475,[ 908318 1075368 1029743 1082185 5569230]
476,[1106523 1029743  983584  899624 1068719]
477,[ 1082185  1029743  1126899   940947 12731432]
479,[1106523  962229 1068719 1044078  986912]
480,[ 1070820  1047769  5569374 13876901  1004906]
481,[ 895930 1018740 1040807  933835 5569230]
482,[1082185 1106523 6396492  890423  999779]
483,[1082185 1106523 1139216 5590613 1068719]
484,[1050851 1082185 1029743  916122 1117514]
485,[1029743 7168431 1083787  862799 7166861]
486,[1082185 1130858  925862 1041796 1068719]
487,[1082185  916122 1068719  899624 1081177]
488,[1082185 1029743 1026118  844179  866211]
489,[ 986912 1019247 1138443 1043787 1087102]
490,[1075368 5568729 1044078 1106523  907631]
491,[ 976199 1126899 1056509 1098248 1006184]
493,[1029743  965766 8249371 1093697  819927]
495,[ 1029743   913210   899201   906443 12810391]
496,[ 823990  999270 1082185  944534 1106523]
497,[1082185 1029743 1037332 1006063 1070820]
498,[1106523 1082185 1004906  886996  910473]
501,[1082185  878222  844179  899624  866540]
502,[1029743 1068719 1106523  899624 9836106]
503,[1070820  971983 1127716 1119405 1104414]
505,[1082185  962991  916122  908064 1068719]
506,[1082185 1068719  899624  921438  834117]
507,[1082185 1014948 1126899  960791 8090560]
510,[15831209  1055425  1019643  1131115  9837807]
511,[1029743 1116635 1044078  983584 1006664]
512,[1082185 1106523  899624  872137  971474]
513,[ 844179 1117690  865026 1093413 1034176]
514,[ 909714 1105488  923169 1127831  866211]
515,[1106523 1082185 5569230  866211 1004906]
517,[ 878715  970028  976199 1126899 1098844]
518,[13841744   979707  1137775  1029743  1038985]
519,[ 888586 1029743 1082185 1085435  962266]
520,[1029743 7082640  913210 1106523 8090537]
521,[1056212 1106523 1082185 1029743  819840]
523,[ 970861 1106523  898121  897088  884686]
524,[1082185 1106523 1029743 1098844 1098248]
525,[1082185 1104343  966546  872137  871756]
526,[  913210  8090556 13158992   998008  5569230]
527,[ 933835 5567582 1082185 6514259 1094924]
528,[1082185  872137  871756  916122 1068719]
530,[1029743 1070820 1082185 1106523  979707]
532,[1082185  872137  878715  871756  916122]
534,[1082185 1124695  986912  931239  978332]
536,[1029743 1051211 1082185 8090537 5592931]
537,[1082185 1126899 1034176 1075368 1137775]
538,[1070820 1098844 1062128  909714 1027068]
539,[ 878715 1006184 1082185 1128016 8014645]
540,[ 1000237   916122 12384779  6391381  1082185]
541,[1106523 1082185  899624 5569230 1044078]
542,[1106523 1029743  831628 1050851  916122]
543,[ 820486  879734  991761  989409 8090521]
544,[1082185 1126899 1098844  890695  866211]
545,[ 949742 1040807 1098844 1082185 6034857]
548,[ 885406 1098435  976199 1104343  971474]
550,[1029743 1082185  899624  957232  854852]
551,[1082185 1029743 1126899  919681  841236]
553,[1075368 1009361  885697 1135834 1110244]
554,[1106523 1072086 1070272  946839 8090537]
557,[1082185 1126899  857503 1112766  916122]
558,[1106523  844179  893018  999858 1044078]
560,[1029743  933835 1104414 5565453  863885]
561,[12946027   909268   892314   938138  1000753]
562,[1115069  862799 1074333 1029743  957951]
564,[1082185  916122 1132911 1091520  871756]
567,[ 824502 1106523 1044078  986912  844179]
568,[5572738 1038663 1122358 1104649  996444]
569,[ 981677 6391080  921406 1070820  970160]
570,[1082185 1029743  916122 1068719  899624]
573,[1029743 1008032 1068719 1070820 1106523]
574,[ 1029743   983584 15717057   978906   957411]
575,[ 897270  953561  908312 1133101 1000237]
577,[ 819927 1070820  940947  948832 1056509]
578,[1082185  854405  847207 8090521  868415]
579,[1082185 1068719  899624 5566235  949965]
580,[ 1118946   940947 12731544  1041796  1056509]
581,[1126899  983584 1070820 1118235 6034857]
582,[1021324 1005493 5569230 8090546 1029743]
583,[1029743  996444 8090521 8020166 5569230]
585,[1082185  983584 1126899  834117  916122]
586,[1029743 9677874  860703 9676997 1004906]
587,[1082185 1106523  916122 1114653 1068719]
588,[ 933835  919534  951197 1104414  825749]
590,[6463775  916122 1081177 1029743  899624]
591,[ 935993 1065017  872137  931255  957232]
592,[1082185 1078666 1029743 1070820  899624]
593,[1106523 1104027  984575  846760  866211]
594,[1029743 1106523  957232 1082185 1049922]
595,[1106523  865992  856060  895311  922561]
596,[ 1068719  1106523  8090521  1084036 12731621]
597,[1126899 1059347 1054262 1029743  944534]
598,[ 872137 9553382 1050741  976199  850925]
599,[1082185  831063  921836  936914  833724]
600,[1029743  938138 1070702  863447  865456]
601,[1126899 1090317 1037332  833940 1082185]
602,[1029743  882308  849202  833940 1082185]
603,[1029743  899624 1106523  844179  910673]
604,[ 900586 7441668 6979545 1070820 6704415]
605,[ 1106523  1027372   965772  1126899 13133916]
606,[ 1029743  1026118 12781777   848107  1036930]
608,[1106523 6979753 1074333 1070898 1083446]
609,[1038985 1106523  903529 1036939 8090537]
610,[1082185  916122  976199 1068719  899624]
611,[ 1082185  1029743 12648296  7409663  8090610]
612,[ 1029743  1103476 13775274   839656 12132648]
614,[1029743  965766 1054539  919534  902172]
615,[ 1082185 13008334   916122 12731544  1068719]
617,[ 951412 1126899 1082185 1070820  854852]
618,[1070820 1037840  899624  962229 1101010]
621,[1112825 1137775 1107039 7024871  844179]
622,[1038663 1106523 1034176  986912 1006664]
623,[1082185 1029743 1014732 1101010  933835]
624,[1106523  916122  899624 1044078  844179]
625,[ 933835 1082185 1004906 1087102  866211]
627,[1082185 1070820  979707  916122 6391134]
628,[1029743 5569230 1106523 1082185  981086]
630,[ 6464147  1138631   916122  1070820 12731432]
631,[  899682  1114483   979707 13380863  1104343]
632,[1029743 1070820 1082185  916122 1044078]
633,[1075368 1029743  961730 1008324  833940]
635,[1106523 1082185 1026118  866211  899624]
636,[ 1029743  5592931   899624  1022254 15831255]
637,[ 1106523   926905 15926844  1099164  1037840]
638,[  919534  1059347   903800 12731714 13213240]
640,[1082185 1106523  983584 9677874 1137507]
641,[1126899 1070820 1104349  937413  971922]
643,[1029743 1082185 1109136  937736 5569230]
644,[ 948670 1005274 1019637 1081262  834117]
647,[ 899624  933835 9527184  848319  845208]
648,[1026118  899624  854852 1082185 5578547]
650,[1082185 1068719  899624 1081177  844179]
652,[ 832678 1051211  830503 1082185  890610]
653,[ 979707 1037840 1039224 1056509  917033]
654,[ 864893  937413 1138443 1034176 1082185]
655,[1044078  985999 1082185  901976 1106523]
656,[1082185 9881593 1026118 8019186  926905]
658,[1029743 1082185 1068719 1044078 1122358]
659,[1082185  944534  844179 1067695 1068719]
660,[13907063 13911462   886996  1043787  7025203]
661,[ 5569230   986912 13158064  1055403   915459]
662,[1070272 1082185 1029743 1103105  983584]
663,[1082185 1106523 1036486 1029743 1042544]
664,[1106523  866211 1004906 1082185  940947]
665,[1082185 1029743  922561  875089 1025611]
666,[9677874 1106523  844179  957232  972235]
667,[12946027  1022254  1082185   844179   852360]
668,[1082185 1126899  902377  859427  848319]
669,[1082185 1126899 1116741  880427 1098844]
670,[1029743  899115 1027372  867547  979707]
671,[ 847434 1029743 1056509  977559 1067606]
672,[1029743 1082185  983584  899624  916993]
673,[1106523 1068719 1025611 1029743 1082185]
674,[ 936914  956486 6904830  940766  871061]
675,[1106523  910673 1004906  870547  940023]
676,[  899624   999270  1096635 13841744   972665]
677,[1082185  986912 1029743 1137775  976199]
679,[ 1110244   885697  1098844 10150194   990797]
680,[  899624 15831255   993838  8090513  8090521]
681,[ 890695  850102  856252  872066 1134483]
684,[1082185 1106523  957232  843339  965766]
685,[1097398 1015539  880150  844179 1044078]
686,[1082185 1037863  946839  866211  895166]
687,[1106523 1029743  965766 5569230 5592931]
690,[1006664 1088771  850925  922561 1068719]
692,[1019643  972416 7431408 1092669 1082185]
693,[9245108  962229  951164 1104349 1044188]
694,[1037840 8090537 1082185 1029743  890423]
695,[ 1082185  1029743   971922   933835 13039088]
696,[1126899  971922 1092588  983584 1101010]
697,[ 879445  944836 1070820  901062  872137]
698,[1106523 1029743 1082185  866211  957232]
699,[ 899624  962229  885697 1043751 1050741]
700,[1082185 1106523 1029743 1056509 1124695]
701,[ 935993 5569230  835098 5569374  891632]
702,[ 1029743   899624 12731432   916122  8020234]
703,[1059347  901776 1043751 1121720  916575]
705,[ 1029743  1082185 13654702  1106523  1115069]
706,[1070820 1051323  933835  835098  976199]
707,[ 1110111   929018   827999 13213475  1034868]
708,[ 1029743   845208  1069609 12949855   909249]
709,[ 1106523  1029743 12810393  1075368  1004906]
710,[ 1106523   922636 13381584  1024051   830203]
711,[1082185  864893 1068719 1037840  983584]
712,[1070820  999270  963365  915493 1137775]
713,[1082185 5569230 1029743 1051211 7166861]
714,[1029743 1082185  899624  844179  944534]
715,[1106523 1087102 1040807 1069609 9333437]
716,[1082185 1126899  990797 1068719  899624]
717,[1082185 1106523 1016298  910473  940947]
718,[ 859075 1054483  856818  963971  859010]
719,[ 895930 1040807 1026946 1082185 1106523]
720,[ 1115069   863447  1055504  1098248 13002975]
721,[1082185 1126899 1117556 1119830  878775]
722,[1126899  830526  925854 7167865  918676]
723,[1022340  916487  827079 1071343  909268]
724,[1082185 1126899  835058  958027 9652066]
725,[1106523 1068719 1027372  957063  893018]
726,[1082185 1022254  880427  833724  961620]
727,[ 911311  916122  961980 8090610  957063]
728,[ 976199 1080677 1041796  977798 1037840]
729,[1082185 1068719  899624 1081177  844179]
730,[1126899 8293447 1082185  954347 1134810]
731,[ 1082185  1070820  1029743   986912 10198378]
732,[ 976199 8249371  957232 1070820 1038684]
733,[7443137 5566472 1102250 1106523 1082185]
734,[ 970160 1106523 6391381 1029743 1055504]
735,[ 1082185  1106523  1072523  1043663 13841744]
736,[1029743  966778  955921  899624 5581335]
737,[1082185 1106523 1098248 1121393  976199]
740,[ 901062 1029743 1022254  878996 1139638]
741,[ 1106523 13654702   845208   885290   916122]
742,[ 965766 1082185 1106523 1114653  941515]
743,[1106523 1082185  866211 1027068 5564303]
744,[1051323 1070820 6034857 1098844 1029743]
745,[8069350  922127 1109014  836645  854754]
747,[8090509 1082185 8090537  954102  844179]
750,[ 866211 1106523 1082185  919534 1042438]
751,[1082185  947201  864335 1037840  990869]
752,[ 986912 1106523 1075368  872137  999270]
753,[10285005  1026118  1082185   872137  1029743]
754,[ 841584 1126899 1005274  901062 1016785]
755,[  878442  1137775 12782182 12781829  1100972]
756,[1082185  829291 1113381 1068719 1081177]
757,[1082185 9884698 5569230 9296919 1071594]
758,[1082185 1068719  916990  972445 1081177]
759,[1082185  906844 6391381  986912 5567601]
761,[1103691  924198  976199 9297574  988206]
762,[1104414  986912  884344  938319 1098844]
764,[1029743  878996 6391134  898847 1014458]
765,[1082185 1106523  899624 1034176 5569230]
766,[1098844  901062  916990  908312  870515]
767,[1042571 1082185 1070820 1004906  983584]
768,[1029743  913210 9526572  834117 9884698]
769,[1106523 1029743 1082185 1126899 8293447]
770,[1029743 1082185  928589 1075368  899624]
771,[ 979707  976199 1068719 6034857  933835]
772,[1082185 1068719 1081177  899624  844179]
773,[ 835973 1082185  909714  849202 1034176]
774,[1082185 1029743 1068719 1081177  899624]
776,[1082185 1029743 1106523  907631  882308]
777,[1029743 1046816 1028891 6533608  923670]
779,[1075368  872137  848319  976199  856252]
780,[1082185 1098844  899624  848319  872137]
781,[  854405 12946027  6514011   910673   865156]
782,[1029743 1106523 1082185  844179 1044078]
784,[ 5569230 15926886  1068719  1139782  1102416]
785,[1126899 6602697 1037332 1082185  923789]
786,[1106523  972665 5569230  862799  878715]
787,[1079528  999104 1082185  857538 6391152]
788,[1024051  947798  983584 1042544 1108131]
789,[1082185  922561 1101010  883003  909268]
790,[8181555 7410320 7167837 1110624 9297310]
792,[1082185  872137  844179 1040346  894439]
793,[1029743 1082185 1045478 1106523 1127328]
794,[1051211 1126899 1029743 1082185  950638]
795,[1082185 1029743  872137 1044078  926905]
796,[ 969866 1082185 1055504  901062 1022254]
797,[1029743 1005274  872137  979707 5569471]
798,[13841744  1126899  1082185  6534030  9338009]
799,[1126899 1098844 1082185  901062 1105488]
800,[8090537  953180 1008324  860703 9835509]
801,[ 976199 1082185 1029743 9245106 9884698]
802,[1082185  983584 1118946  996087  839656]
803,[1104649 1082185 1018769  969725 5569230]
804,[1013928  957063 1029743  983584 1043663]
805,[1029743  899624  916122  949023  979707]
806,[1082185 1038985 5572308 8090513 8090532]
807,[1029743  965530 8090653 1126899 6034857]
808,[1029743  990797  986912 1016800  883202]
809,[ 1082185   961979  1029743  1070820 12946027]
811,[1082185 1029743  901062  866211  831937]
812,[1082185 1021116 1135468 1029743  870547]
813,[ 951412 1050851 1082185 6979803  883932]
814,[1082185  907631 5569327 6034857 1004906]
816,[1075368 1029743  944836  901062 1134483]
817,[ 1082185  1070820 10455984  1121384   904574]
818,[1029743  839419 9297191 1004906  904833]
820,[12648296  1089025  1037840  1106523   957411]
822,[1082185  935993  944534 1029743 1041796]
823,[1082185 1106523  986912  999779  963971]
824,[1106523 1086061 1016800 1038745 1068719]
825,[13071902   910207  1031253   915493   867469]
826,[1082185  961620 1030093  872137 1073546]
829,[1137775 1018740 1132771  933835 1104414]
831,[13907324  1069003   957736   890695  1004001]
832,[1082185 1029743 1106523 1134483  872137]
836,[1082185  990869 1126899  851287 1042544]
838,[1106523 1082185  844179 1044078  872137]
839,[ 1082185  1029743 13213475   872137   994614]
840,[1090884  964221 6391532 9832469  979452]
841,[1029743 1106523  863447 1128240 1044078]
842,[1029743 9245108  916122  899624 1083111]
843,[ 1029743  1026118  9245108   899624 13910296]
844,[1127831 1003616  957232 5566472  854852]
845,[8090533 8090537 1009361 1071594 1126899]
846,[1082185  890695 1029743  829291 1044078]
847,[1005274 1062128 1001827 1008074  963835]
849,[1126899  823704  979707  855202  872137]
850,[ 823990 1106523  957232 1082185 1004906]
851,[1082185 1068719  872137  871756 1131438]
852,[1126899 1070820 1106523 1082185  901062]
853,[9859017  871722  951412  970202 1022254]
854,[1082185 5568378  899624 1068719  872137]
855,[1029743  916993  986912 1098844  963868]
856,[1029743 1068719  944534 1022254  990797]
857,[8090537 1040807 5569230  831063  866211]
858,[1082185 1070820 5569230 1068719  899624]
859,[13841744  5569230  1075368  6395907   844179]
860,[1082185 1106523 1029743 1068719  872137]
861,[1068719 1106523  872137 1082185  871756]
862,[1068719 1029743 1082185  895930 5568378]
863,[ 863447 1029743  916122 5569135 1037337]
864,[1101010  899624  839438  883003 1043751]
865,[1106523 1075368  899624 1082185 1008074]
866,[1106523 1082185  899624  844179 1044078]
867,[ 983584 1106523 1098844  916122  825365]
868,[9884484  834117  971922 7024871 9881593]
869,[ 983000 5592931 8019216  996444  895680]
871,[  878715  1055425 10182664   979707  5563693]
873,[1029743 1122358 1125123  831509 1051211]
875,[1082185 1068719 1126899  835296 1004001]
876,[ 843418 1003649 1126899  916993  839419]
877,[1126899  907099  899565  989683 1070820]
878,[15926886  1106523   985893  1108131   947798]
879,[ 844179  916122 5569230 6534030  880150]
880,[1082185 1068719  866211 1081177  899624]
881,[1029743 1068719  916122 1097398  849505]
882,[1106523 1044078  957063  892500 1029743]
883,[1082185 1022254  872137 1057749  961979]
884,[1082185 1029743 1106523 1068719 1014388]
885,[1106523 1082185  839438 5587656 1040807]
886,[1082185 1029743 1004001 1106523 1070820]
887,[ 950894  957232 1082185 1068719  820486]
888,[  940766   901062 12648296   859075  1000237]
889,[ 8090532   880427   982955   867272 13213271]
891,[13654702  1093571   972235  1106523   854405]
893,[1106523  957232  872137  895295  882190]
894,[1082185 1106523 1029743  825541 1068719]
895,[ 866211 5995603  868888 7024847 9553382]
896,[13877012  6514030   829323  1098844 13115971]
897,[1079528 1082185 1029743 1070820 1101010]
898,[1022254 1026118  824305  899624 5569471]
899,[1106523 1082185 1029743  919534  901067]
900,[ 986912  976199  979707  885863 1068719]
901,[ 955921  933835  976199 1106523  899624]
903,[1126899 1070820  885406 1029743  976199]
904,[1106523 1082185  836445  866211 1044078]
905,[1082185 1117514  976199  854852  909714]
906,[1082185 6979248  826239  911974  894406]
907,[ 986912  985999 1106523  916122  961979]
908,[1029743  916122 1104343  971922  899624]
909,[13654702  9935616 13008459   976199  9296856]
910,[ 894439 1082185 5582712 1044188  826597]
911,[  901062   979707  1092303   848319 12985761]
913,[1070820 1029743  994223 1082185  834117]
914,[ 1082185   823721   979707 12302069   857503]
915,[1068719 1128163 1082185 1004906  880150]
916,[ 824193 1075368 1029743 1126899 1106523]
919,[1029743 1106523 1082185  983584  883202]
920,[1106523 1082185 1097001 1058709  826666]
922,[1126899 1082185  850768  847207 5995603]
923,[ 896613 1000753 1106523 1070702 1029743]
924,[1029743  940766 1014116 1082185 8205252]
925,[ 944836  889533 1082185 1126899 1071556]
926,[1138443 1134633 1101445 1137688  901062]
927,[ 1082185  1126899 13007846   986912   976199]
928,[1006063  866211 1092303 1022254 1029743]
929,[1070820  871188  986912  938319 1126895]
931,[ 913210 6979753  866043 1041796 1115711]
932,[  983584   826666  8090537 12731543   895295]
933,[1106523 1044078  983584 6534480 1029743]
934,[ 1068719   878764  1135258   933835 12731685]
935,[1082185 1126899  997987 1132771  999779]
936,[1106523 1029743 1003616  963683 1072693]
937,[1126899 1134810  995965 6034857 1082185]
938,[1075368 1082185 1041796  940947 8090537]
939,[ 1106523 13841744  1029743   899624   839438]
940,[10456164  1082185  1019637  1030093  1074040]
941,[1082185  916122 6464166  890695  990797]
942,[1015539 1029743 1014388  994994  908314]
943,[ 1106523  5592931  1035207 10198378   899624]
944,[1101010 1106523 1127831 1132771  866211]
945,[1082185  835098 1029743  859987 1043751]
946,[1082185 1106523 1068719  832678 1132771]
947,[ 883003 1082185  895930  944534  827656]
949,[1029743 8090521 8090537 1070820  844179]
951,[1029743 1082185  940947 1076056  910032]
952,[1029743 1122358 1082185 1075368  892531]
953,[1029743  877310  999104  965842 9419525]
954,[1082185 1068719 1081177  899624  844179]
955,[1106523  860703  866211  911974 1044078]
956,[1070820 1022254 1057749  986912 1032512]
957,[1032703 1116589  926206 1068719  943522]
959,[ 1029272 13654702 10455984  1082185  1106523]
960,[1030406 1082185 6979437  886395 1070820]
961,[1082185 1029743 1070820  909249 5569471]
962,[  940947 10456568   848319  1082185  1105917]
964,[1106523 1051211 9297223 1044188 1082185]
965,[  944534 12301100  5592261   871756  1106523]
966,[1029743 1082185 1042438 1068719  838186]
968,[ 983584 1016800 1075368 1067779 1056847]
970,[1082185  940947 1138858 1068719 5568378]
971,[1075368  866211  919535 1029743 1070820]
972,[ 6632283 13008334  5590765  1136719   982790]
973,[13417954  1000542 12696089 13654702  8118764]
974,[1106523 1029743 1082185  844179 1044078]
975,[ 5569471 13381584   995965  5569327  1045228]
976,[1082185  933835 1126899 5578547  826666]
977,[1082185 1070820  834117  835098 1068719]
978,[ 1070820 12263857   916122  1106523   998352]
979,[ 936914  888586 8066803  971585  860703]
980,[1082185  917427 1106523 5568197 1068719]
981,[ 1082185  7146026  1082212 13654702  1083787]
982,[ 919534 1075368  912004  983584 5563693]
983,[1029743 1075368 1044078  866211  834117]
984,[ 1082185  1106523  1029743 12263857   901062]
985,[1029743 1040807 5568729 1082185  916122]
986,[ 916122 1082185 1029743 5572220 8090440]
987,[ 986912 1137775  819978 1126899  916122]
988,[1070820 1102067 1106523  942475 1112766]
989,[ 899624  986912  979707 1075368  983584]
992,[1082185 1048300  935578 1068719  939323]
993,[1101010  971922 9483753 8090541 1068719]
994,[1082185 1029743 1128240 1068719  844179]
996,[15831255   953539  1043751  1082185  9296919]
998,[8090537 8090521 1037840 1137387  944534]
999,[1029743 8090537  983584 8090532 6704207]
1000,[  986912 12427353   957232   854852  6034857]
1001,[  997987  1135834 12301109   893018  1098910]
1002,[1050851  946839 1051211 5981267 1082185]
1004,[ 995628  894499 1029743  897083  849202]
1005,[1031864  954102 1044078 1004906  992529]
1006,[1082185  844179 1068719 1081177  899624]
1007,[1029743 1082185  983584  899624  834117]
1008,[  910473  1082185  5569230 12301100   835098]
1010,[1076954  953539  971922 9527323 1036093]
1011,[ 916122 1126899  944836 1031253 1075368]
1014,[ 911974  948670 5592931 8203851  957232]
1015,[  947412  1037332 10455984   868868  1101104]
1016,[1053628  830503 1126899  821845  897954]
1017,[ 1029743 10198378   890695   844179  8090537]
1018,[1070820 1082185 1075368  844179 5569230]
1019,[1106523 1082185 1043663 1026118  986912]
1020,[ 1070820  1022254   994223  5981267 10149640]
1021,[1070820 1029743  866211 1050741 1004906]
1023,[ 832768 1000493 1139638  919423 1131830]
1024,[15926886  1056509  1043751   940947  5582712]
1025,[1106523 1044078 1128240 8090521 1029743]
1027,[ 862799  899624 1082185 1132771 1101010]
1029,[12731436   885290  1126899   896666   937413]
1030,[1082185  854852 1070820 1135834  940947]
1032,[1082185 1068719 1081177  916122  899624]
1033,[13654702  9835223  1029743   979707  1082185]
1034,[1082185 1126899  965766 1081177  934172]
1036,[1106523 1082185  986912 1067695  857130]
1037,[1082185  904129  940947  844179 1130858]
1039,[ 820923 9419422  972665 1085138  884686]
1040,[1075368  999090 1126899 5569471 1050741]
1041,[  870547   957063  1127470 13775274  1115098]
1042,[ 916122 1121384  951412 1044078  856252]
1045,[1029743 1043663  985893 1101010  834117]
1046,[1126899 1089986 5981072  914245  952399]
1047,[ 899624  844179 1082185 1029743 1044078]
1048,[1082185 1101010 1042571  835098  999104]
1049,[1082185 1029743 1068719 1081177  916122]
1050,[ 1106523  1068719  1044078   899624 13877192]
1051,[ 1029743  1082185  1072523  1068719 12731714]
1053,[ 1137775  8293426   971922  7409982 12731544]
1054,[1082185 7443137 1068719 1029743 8090537]
1055,[ 980943 1082185  986912 1029743  883202]
1056,[13841744  1038663  1075765  1025611   875089]
1057,[ 892531  916990 1117219 1079528 1013597]
1058,[ 1106523 10341855   883003   844179  1044078]
1060,[8090521 5569230  854852  840227 1029743]
1061,[  875089  1106523  1038663 13841744  1068719]
1062,[1082185 1029743 1068719  940947 1056509]
1064,[ 862799 1093571  899624 1104343 8090521]
1065,[1072917 1041796 1056509 8019808  823990]
1066,[ 944534  835098  854405 1082185 1053019]
1067,[1075368 1126899 1029743 8090532 1074333]
1068,[1025611 1106523  999779 1082185 1029743]
1069,[1029743 1082185  999858 9419888  923314]
1070,[8293439 1029743  940947  899624  856345]
1071,[1029743 1082185 1068719 5569230 1021116]
1072,[10149656  1106523 12949590   944534   841762]
1073,[ 923789 5569230  884686 1096563  965766]
1074,[ 951197  990656 1054262 9881593 6514160]
1075,[1029743  910673 1082185 1025611 1106523]
1076,[1075368 8090537 1106523  948381 8090521]
1077,[891632 893018 879504 835098 845208]
1078,[1082185 1126899 1106523 1098844 1026118]
1079,[1082185 1070702 1068719 1084036 1106523]
1080,[8090537 1106523 1068719 1029743  899624]
1081,[1056509 1012627  972665 1098435  974265]
1082,[1106523  910473  988202  863447 1082185]
1083,[ 908843  864335 1029743 1082185 1106523]
1084,[ 879008 1122358 1082185  844179 1106523]
1085,[ 933835 1056509 1110244  825365 5568729]
1086,[1076954  844179 1008074 1082185 1068719]
1088,[ 997011 1045478 1077600 1082185 1137505]
1089,[1029743 1082185  947798 1024051 1068719]
1091,[  965766  5569230  1075368 12302069  1139142]
1092,[ 1082185 13841744  1068719  1128016  1039627]
1093,[1106523 1029743 1082185 1068719  962229]
1094,[  933835 13841744  8090509   979707   883003]
1095,[1082185  866211 1068719  951412  944836]
1096,[1082185 6773232 1106523 1006063 1068719]
1097,[ 981677 8090440  857130  849205  908283]
1098,[1135468 5585510  983584  899624  864893]
1099,[1082185 1068719 5568378  850102 1081177]
1100,[1082185 1068719 1034176  910473  849202]
1101,[1082185 1068719 5568378 1081177  916122]
1102,[1044078  865456 1029743  866211 1022254]
1103,[1126899 8090440  862535  922281 8019915]
1104,[ 986912 1065979 1040812  901460 5571261]
1105,[1082185 5569230  924165 1068719  890620]
1106,[ 1082185 12757316   893018  1068719  1044078]
1107,[1082185  965766 1126899  857503 6979518]
1109,[1109014 1070820 1029743  899624 6034857]
1110,[1775642  916122 1086061 1070820  953539]
1111,[15926886  1082185  1025650  7166672 13909964]
1112,[1075368 1010681 1082185  836286  990688]
1113,[1126899  916122  909714 1068719  829323]
1114,[1082185 1029743 1044188 1044078 1068719]
1116,[1126895 8090521 1024051 8090509 1029743]
1117,[1029743 1068719  899624 1106523  983584]
1119,[ 940947 1082185  990797  901062 1126045]
1121,[1029743  872137 1070820  962229 1092937]
1123,[1126899  857176 1098844  919534 5569230]
1125,[1082185 1106523 6391381 1081177  916122]
1126,[1082185 1126899 6039994  917033 1046816]
1127,[ 1082185  1029743 13841744   916993   883932]
1128,[ 921406 5592931 1106523 1029743 1070820]
1129,[1126899 1070820 1082185 1029743  858439]
1130,[ 1093413  1137775 12731544   899624   895930]
1131,[ 1075368  1029743   864893  1044078 12812474]
1133,[1098844 1029743 1112205 1106523 1082185]
1134,[1070820 1098844  897088  957232 1051323]
1135,[1082185 1029743  893018 9884698  972235]
1136,[1029743 1082185  907631 5569230  899624]
1137,[  935527   924667   885290 12301405  1082185]
1138,[ 1015539  1097398   941515 15926886  1106523]
1140,[ 1029743   916122   925862 12808385   827667]
1141,[  910673  1082185  1029743   844179 13841744]
1142,[ 878715 6034857 1067695  882826  849100]
1143,[1082185 1070820  983584  865456 5569230]
1145,[  986912  6463724 12648296  1106523   957411]
1146,[1029743 1106523 1004906  854852  846823]
1147,[1106523 9835509 1016800  983584 1068719]
1148,[ 1082185  1106523  1068719 12757007  1006664]
1149,[1026118 1082185 1106523  919681 1068719]
1151,[1136524 1122358 1082185 1112754 1106523]
1152,[1082185 5569471 1110111  963234 1029743]
1154,[1106523  835296  971983 1000148 1089025]
1155,[1082185 1106523 1029743 1068719 5569230]
1156,[1082185 1132771 6034857  916993 1037387]
1157,[1070820 1069506 1029743 9296919 1051071]
1158,[1049735 1106523 8090521  944534 1101010]
1159,[1082185 1050741 8090532  989683 5572308]
1160,[1068719 1106523 1004906 1044078  844179]
1163,[1029743  899624  913210 1056509  940947]
1164,[13654702  1070820   901062  1080853  1058754]
1165,[1082185 9884698 5569471  862860 1043751]
1166,[9487613 5566800  906844 1060408  882489]
1167,[1082185 1070820 1082212 7464370 1003616]
1168,[1055044 1082185  983584 1019637 1106523]
1169,[  819927  1038663   929373 12946027  8065410]
1170,[1029743 1082185 1034176 1068719 1081177]
1172,[ 963686 1029743 1122358 1068719 1029688]
1173,[1082185 1029743 1070820  889533 1068719]
1174,[1082185 1106523 1068719  957232  986912]
1175,[8066803 1098844  963365  962266  907099]
1177,[1082185  854852 1068719 1085031  895166]
1178,[6464165  916122  863447 1004906 9526572]
1179,[ 1101010  1056509 15926886   963971   883003]
1180,[ 1029743 12648296 12781777  1104649   865456]
1181,[1029743 1068719 1126899 1106523  899624]
1182,[1106523  899624 1082185 1029743  880150]
1185,[1106523  844179  930666 1059902 1082185]
1186,[ 1126899  1098844  1070820   903800 14106445]
1187,[1106523  990797 1068719 1138487  940947]
1188,[15926844  1106523 13115938   883202  7409874]
1189,[ 819840 1106523 1082185 1026118 1082212]
1190,[1029743  928263 1116635 8090521 1082185]
1191,[5569230  890695  965766  916122  999104]
1192,[1082185  844179  822161 1068719 1109948]
1193,[1106523  899624 1013928 1075470 1044078]
1194,[1044078  910473 1022254 1038745 1106523]
1195,[1082185 1029743  890695 1075368  889989]
1196,[1070820  857503  909714  901062  924864]
1197,[9677466  919534  856252 9859111 1110244]
1198,[ 915064  900586 1082185 1098844  901062]
1201,[1082185 1029743 1068719  839438  865456]
1202,[1082185  999090 1068719 1007259 8019977]
1203,[1035676 9296919 1130458 1027068 1137387]
1204,[1106523 1029743  933835  926905 1082185]
1205,[1029743  999270 5592931 1068719 1044078]
1206,[7409618 1088910 1043751 1134483 1037863]
1207,[ 1082185  1037840  1075368  1068719 13115501]
1208,[1098284 1082185 1106523 1074040 1114653]
1209,[1082185  953539 1068719 1081177  837908]
1211,[ 872137 8065410 1000753  977927  918598]
1213,[1082185 1075470 1004906  883932 1039224]
1215,[1082185  866211  880427 1068719  990797]
1216,[ 979707  940947  946995  972665 1135834]
1217,[1029743 1075368 1004906  866211 1050851]
1218,[1070820  916122  862799 1126899 6602697]
1219,[1082185  844179 1004906 9836106  912004]
1221,[1029743 1082185  916993  896085 1055504]
1222,[ 933835 1091090 5570383 5569230 1112825]
1223,[1082185 1029743 1106523 5590613 1042544]
1224,[1068719  969866 9835903 1029743 1025611]
1225,[1082185 1029743 1106523  843339 9836106]
1226,[ 1070820   856252   913210 13907324   890695]
1227,[1082185 1068719 1081177  916122  965766]
1228,[ 8019186 15831255  1110111  8065410  1068719]
1229,[ 909714  951412 1037332  979707  965842]
1231,[1082185 1029743 8090541 1070820 1014116]
1234,[ 8090556  1094924 13506200   885406   901062]
1235,[1082185 1070820 5569230 6034857  828588]
1236,[5569230 1106523  962229  965766 8090521]
1238,[1029743  872137  829323  835098  854852]
1239,[1106523  948832 1087102  940947 1082185]
1240,[1070820 1044259 6034857  909714 1003616]
1241,[1082185 1029743 1106523  983584  910473]
1242,[1082185 1070820  844179  883003 1004906]
1244,[1082185 1106523  844179 1091520 1068719]
1245,[ 834117  896974  969866 1058185  936117]
1246,[ 1126899   971922 12781777  1070820  1029743]
1247,[1029743 1126899 1117690 1056509  916122]
1248,[  914753   865511   888054   863885 13158064]
1250,[1082185 1043751 1068719 1138443  990656]
1251,[ 901067 1082185 1029743  897954 1068719]
1252,[1082185 1119946  916122 1104483 1117514]
1254,[1082185 1126899 1029743 1068719 1034955]
1255,[1106523 1082185 1068719 1138292 1072523]
1256,[ 976293 1000542 9837092  979707  878996]
1258,[ 872137 1051211  983000  852600  849202]
1259,[ 916993  960732 1037332 6533608 1082185]
1260,[ 949257  903800  867469  979452 1098248]
1261,[ 986912 1056212  840227  866211 1082185]
1263,[12262778  1029743   986912   976214   866211]
1264,[1134483 5590613 1136341 1087618 1083787]
1265,[1042544 1029743 5568378 1067606  976199]
1266,[ 899624  863447 8203851 1082185  965766]
1267,[ 916122 1082185 1036699 1098844  880427]
1268,[1070820 1110244 1029743  915459  940947]
1269,[ 899624 1082185 1106523 1044078  844179]
1270,[1106523 1082185  910032 1026118 1004906]
1271,[1029743  878996  947412  899624  899459]
1272,[ 974766  915493  948670 9837092  856252]
1273,[1082185 1038745 1068719 1081177  916122]
1274,[8090537 1070820  879504  862799 6534030]
1276,[1082185 1119761 1081177 1068719 1059902]
1277,[ 1106523  1006483  1090884   916122 12262992]
1278,[1082185 1106523 1029743 1086061  883003]
1279,[1106523  844179  969866 1004906  965766]
1280,[1082185 1068719 1081177  916122  965766]
1281,[1082185  901976 1068719 1004906  910032]
1282,[ 1068719   899624   883068  1044078 12731544]
1284,[15926886   999779   899624   864893  1044078]
1285,[5569230  916122 1106523 1035676  897954]
1287,[ 965766  872137 1104414  943169 1045586]
1288,[1106523 1082185  897954  916122  985999]
1289,[1029743 5569230 1055155 1064213 9677454]
1290,[1082185  916122  961021  835098  893018]
1291,[ 872137 1106523 1101010 1132771 1044078]
1292,[ 1082185   863447   916122 12810464  1042544]
1293,[ 1044078   944534  1004906  1029743 12301405]
1294,[ 1126899   909800   976199 12781829   913210]
1295,[1029743 1082185 1122358  916122 7410335]
1296,[ 935578  901062 7467039  908318 1082185]
1297,[1082185 1026118  867138  970160  870515]
1298,[15717057  1029743  1004906 12695224  1082185]
1299,[ 1029743   899624   913210 13877012   979707]
1300,[1106523 1126899 1070820 1044078 9245108]
1302,[1082185 1029743  916122 1068719 1004906]
1303,[1029743  913210  976199  866211  986912]
1304,[1029743 1106523 1082185 1038745  916122]
1305,[1106523 1029743  983584 1069538 5569230]
1306,[ 1029743  1068719 12301839   844179  7166861]
1307,[13654702  1082185   986912   903800  1006483]
1312,[ 983584  919534  862799  829323 1122358]
1313,[1029743 1082185  916122  899624  965766]
1314,[1102416 1050741 1138423  920109 1036930]
1316,[ 1029743  1070820 13876901   870547   919534]
1317,[ 1029743 13911462  1016298  1138292  1104205]
1318,[925862 941368 904241 854852 852235]
1319,[1082185 1029743  866211  897671 1068719]
1320,[12731432  1082185  1029743   916122  1006184]
1321,[ 1106523 12810393   893018  1082185  1075470]
1324,[ 866211 1029743 1126899  838186  832678]
1325,[14106445  1138423  1081177  1098844   890423]
1326,[ 899624  983584  990797 1103105 5590613]
1328,[  875089 13841744  1029743   922561   910032]
1329,[ 986912 1098248 9526628 1082185  866211]
1330,[1106523 1082185 1112766  856252  849202]
1331,[1029743 1031316 1082185 1041796  963686]
1332,[  986912  1082185 13071902  1112205   866211]
1333,[ 1126899 13841744   888586  1069003 12731436]
1334,[1082185  916122 1068719 1044078 1004906]
1335,[ 835973 1010681 1098248 1082185  836286]
1336,[1029743  916122  979707  971922  844179]
1337,[ 983584 9527184  923670  962229 1133745]
1338,[1106523  842392 1044078  899624 1082185]
1340,[ 1082185 13654702  1068719   916122  1081177]
1341,[1082185 1068719 1081177  965766 1098844]
1342,[1082185  936914 1068719 1081177  965766]
1345,[5569230 1029743 1082185 1106523 1042438]
1346,[1082185 1082212 5569309 9803433 1095712]
1347,[1029743  917033  820612  957232  984680]
1350,[ 872137  965766 1029743 1106523 1051323]
1351,[1082185 1106523 1029743 1043751 1001475]
1352,[  915493 14106445   866211   840227   823099]
1353,[15926844  1068719  1029743  1132771   999858]
1354,[ 1082185  7025046 10285373  1056005  1081533]
1356,[1070820 5569230 1102829 1082185  890695]
1357,[ 866548 1070820 1082185  983897 1102845]
1358,[8090509 1029743 5568729 1082185 1041796]
1360,[1082185 1076954  988202 9884698 1076187]
1361,[1082185  854852  866211 1092937  933835]
1362,[7169088 1097350 1105488 7168026  921406]
1364,[1029743 1070820 1101378 1135834  854852]
1366,[ 1101010  1087102 14106445  5566800   922561]
1367,[ 1116635   979707  8090550 10284865  8090513]
1368,[ 862799  916122 5569471 1070820 1126786]
1369,[1126899  985889  857538 1082185 1011926]
1370,[1106523  971474 1068957  844179 5563693]
1372,[5569230 1106523  911311 1087102 1028715]
1373,[1082185 5569230 1105426 1068719 1098844]
1374,[1004906 1037840 1106523  944534 1081177]
1375,[1029743 1104343 6034857  899624  976199]
1376,[1034176  990797 8090537 9831557  823530]
1378,[9653535 5585510 6552318  925579  912451]
1379,[962229 849578 902640 840227 999270]
1382,[1029743 1056509 5585510  963971  913210]
1383,[13190349  1034176  1082185  1075368   878715]
1384,[1004906  844179 1106523  880150 1029743]
1385,[1029743 1106523  878996 1022254 1112754]
1386,[1082185  938300  986912 1068719  961979]
1387,[ 944534 9297062  854133  960791  844179]
1388,[ 873577 5570383  831937  990797 1027168]
1389,[ 1121694  1082185  1053628  5568447 10150194]
1390,[1029743  976199  979707  851819  899624]
1391,[ 965772 7410320  908408 1031864  862799]
1392,[1068719 1082185  872137 1070820 1130375]
1393,[ 1126899  1010259 12757544   861256   901062]
1394,[ 845975 1101437 1125601  940947 1106523]
1395,[6533608  880427 1126899 1082185  944137]
1397,[1106523 1068719  944534 1029743  819927]
1398,[1082185  899624  999779  916993 7166862]
1399,[6034857 9673830 1093571 1004001 1082185]
1401,[1043663  844179 1044078 1082185 1126899]
1402,[1106523 1104343 1082185 1004906  934639]
1403,[1082185 1075368 1068719 5569230 1106523]
1404,[1029743 1082185  912817  965766 1016800]
1405,[ 976199  835098  844179 1029743 1106523]
1406,[1082185 1029743 1138443  933835 1106523]
1407,[1029743 1002735 1127701  867272  866211]
1408,[15452705  1082185  1029743  1106523  5574045]
1409,[ 1116050  8090513 12731714  5569230   863447]
1410,[1029743 1106523 1051323  976199  854852]
1412,[1029743  965766 1058754  862799 1068719]
1413,[1082185  892531  899624 1068719 1081177]
1414,[1082185 1126899  899624 1068719  928584]
1415,[1082185  899624 1068719 1081177  844179]
1417,[  913210 10198378   896613  1106523  1082185]
1418,[1070820 1008547  951412  956672 1005274]
1419,[ 1019637   957232   925364 13877192  1048727]
1420,[1029743  999779 1082185  965766 5590613]
1421,[ 1029743  8090521 15926886  1044078   844179]
1423,[ 5981267 13008334  5572738  1082185  9835223]
1424,[1082212 1029743 1056005 1024306  883932]
1425,[1029743 1101010 8090537 8090521 1044078]
1426,[1029743 8090521 8090537  916122 1127600]
1427,[ 960791  996009  986912 1082185 1029743]
1428,[1029743  913210  835098 1106523 1126899]
1429,[1082185  898363  899624  965766 1068719]
1430,[1126899  883202  906844 1137775  885290]
1431,[1029743  916122  998119 1082185  832678]
1433,[1082185  899624  849202 1068719 1121393]
1434,[1075368 1127831  908283  979707  957063]
1437,[1132198  983584 1021324 7464370 5569230]
1438,[1082185  888586 1029743 1026118 1055504]
1439,[1082185  899624 1004906 1068719 1081177]
1440,[1106523 1029743  916122  983584 1043751]
1443,[ 906844 1082185 1057168  942077 1070820]
1445,[1029743  916122 1004906 1044078 6034857]
1446,[1006184 1004906 1082185 1068719  898847]
1447,[1082185  899624 6391137 1128016 1029743]
1448,[1082185 1029743  986912 1050741  837495]
1450,[1082185 1029743  979707  899624  845208]
1451,[1070820 1082185 1044078  999779 1036262]
1452,[1029743 1106523 1013928  837495 1082185]
1453,[1092588 9242918  986912 1062128 6602697]
1454,[1082185 1029743 1137775 1098248 1105488]
1457,[1106523  822115  823990 1044078  863447]
1458,[1105488  976199 1105917 1075368  990797]
1459,[ 872137 8065410  854852 5569230 1054567]
1460,[1127831 1106523  866211  860248 1051323]
1461,[1082185 1029743 1133654  866211 1135834]
1462,[ 885290  890695 1031447  822049  878775]
1463,[ 986912 8090560 1106523 1082185  899624]
1465,[ 976199 1082185  862010  933835  901062]
1466,[1082185 1126899 1029743  854852 1068719]
1467,[1029743 5569327 1097001 9836106 1082185]
1470,[1029743 1070820 1082185 1063739  998119]
1471,[1082185 1068719 1081177  965766  899624]
1473,[ 1126899  1098844 15831209   866211  8091550]
1474,[1106523  933835 1040807 1037840 5568378]
1475,[1056509 1027835 1070820  963971  961980]
1476,[1057749  823099  907099 8090513  964462]
1477,[ 961979 1082185  940947  986912 1125278]
1479,[ 977374 1029743 7154535  932462 5568378]
1481,[  885290  1029743 13190349   944836   834158]
1483,[1029743 1075368  971922 1070820  899624]
1484,[944836 995628 972445 925862 919534]
1485,[1106523 1082185 1029743 1075368 6034857]
1486,[ 878715 1126899  893018 1082185  860248]
1487,[ 940947 5569230 1029743  951197 1082185]
1488,[ 979674 5568378 1126899 1116020 1017201]
1489,[ 965530  910473 1134483 1088910  849202]
1490,[9297574 9297062  829323 1021116  863447]
1491,[1106523  901062  928749  844179  925862]
1492,[1029743 1082185 1108131 1098248  969866]
1493,[1106523 1082185 1132771 5569230 1040807]
1494,[1068719 1044078  899624 1004390 1004906]
1495,[1068719  969866  986912  831407  863447]
1496,[1082185 1106523  899624  835530  866211]
1498,[1092303  862725 1046816 1082185  969977]
1499,[14106445  1082185   844179   944836 13877192]
1500,[1082185 1044078 1091090 1054262  844179]
1501,[1082185 1070820 8019186  872137 1106271]
1502,[ 949242 1034176 1070820 1040807  866211]
1503,[1082185 1116050 5585510 1068719 1081177]
1505,[ 971922  918046 1137775 1043751  997025]
1506,[ 1044078 12301100  1004906  1106523   869047]
1507,[ 1043751 13841744  1106523  1082185   936355]
1508,[ 872137  951412 1126899  871722 1082185]
1509,[1029743  903800 1016800  920091 1135552]
1510,[ 986912  848319 1036699 1051211  901062]
1511,[15452705  5569230  1106523   983584  7146026]
1512,[1029743 1082185 1106523  983584  825365]
1513,[1082185 1029743 1041688  890695  983659]
1514,[1126899 1006184  994614  906335  857348]
1515,[ 1029743   962229 13213475  5569230  8090521]
1517,[1082185 1070820  940947  844179 1044078]
1518,[1082185 1029743 1106523  872137 5585510]
1519,[ 5569230   936914 15717057  1070820  8090521]
1520,[ 1029743 15926844   899624  1082185  1004906]
1521,[1082185  919534  940947 1029743  844179]
1525,[1068719  899624  871756 1029743  845208]
1526,[ 986912  864335  900586 1109778  865026]
1527,[ 818981  826239 1006878  937406  862318]
1528,[ 1075368  1006922 13911462   983584  9837807]
1529,[ 899624  825749 9546982  936117  844179]
1530,[ 936830  938300 1082185  866211  903800]
1531,[1082185 1126899  916122  965766 1044078]
1532,[1082185 1113164 1101010 1067425  965766]
1533,[ 971474 1082185 1070820 1107373 1098248]
1534,[7410304  851146 1070820  867272  971983]
1535,[ 944534 5568378 9884484 1101173 1027068]
1536,[1126899 1075368  897088  865511  899201]
1537,[1029743 1106523  983584  906830  899624]
1539,[1082185  965766  824193 1068719 1081177]
1540,[8015407 1106523  838186 1092937 1067695]
1541,[1098248  901062  970028  970866  849578]
1542,[ 935993  942166  981660 1029743 1082185]
1543,[ 1124029  1082185  1029743  1040807 10149656]
1544,[1082185 1137775  971922 1122358  909714]
1545,[1106523 9835960 1091865 1022254 1101502]
1546,[ 911311  965766 1132771 1070129 1087102]
1547,[1082185  901062 1096635  904777  829722]
1548,[ 875392 1029743 1134483  916122  856252]
1549,[ 986912 1106523 1029743 1082185  993638]
1550,[1106523 6602697 1082185  871513 1044078]
1552,[ 944836 1029743 1082185  866211 1005274]
1555,[1082185 1106523 1029743  986912 1041796]
1556,[1082185 1044078 1068719  948670  899624]
1557,[1106523 1026118 1098248  845208  888586]
1558,[ 839438  866211 5581335 1075368 1002771]
1559,[1075368 1026118 1106523  996087  913210]
1560,[1029743  823704 1082185 1021519  827999]
1563,[1029743 1126899  979707  899624 1055504]
1564,[1082185  834303 1044078  965766 1035207]
1565,[1082185  965766 1068719 1081177  899624]
1566,[1022254  943940 1118623  979707  976199]
1567,[1082185 1106523 1084036  934639  993638]
1568,[ 1106523   882489 12695224   899624  1050851]
1569,[1082185 1029743 1106523  957232  880427]
1570,[1112825 5569309  979707 9803433 5568729]
1572,[1082185  915459 1126899 1005274  833724]
1574,[15571171 10198378  1056509   947798  8014645]
1575,[  901062  1022254 10457590   947875  1082185]
1576,[1029743 1037863 1082185 1127758  854133]
1577,[1029743  866211 1056509  835619  862682]
1578,[1029743 1075368  916122 1068719 1044078]
1579,[  983584 13776705   856252 12946027   948670]
1580,[1029743 1024051 1082185  849100  899624]
1581,[ 916122 1082185 1029743  999858 6463775]
1583,[1082185 1114653  965766  922847 1068719]
1584,[1029743 1106523 1134483  835973 1070272]
1585,[14106445  1116253 10344585   957232  1104414]
1586,[ 916122 1106523 1082185 1026118 6391381]
1587,[ 1082185  1029743   837495   899624 13007846]
1588,[9547021  866211 6602697  979707 9837065]
1590,[ 825118  910207 1028891  944836  824977]
1591,[1070820 1050851  878996  907631  854852]
1592,[ 9884698  6979526 10201384  1024032  1128938]
1593,[1029743 9884698 5569230  878715  957232]
1594,[1106523 1082185 5590695 5591103 1068719]
1595,[ 971922 1038985  933835 1110042 1137775]
1596,[1046816 1042571 1058404  944836  901776]
1598,[ 1072917  1056509 12648296 12302069  1092937]
1599,[1068719 1094744  842423  999779 7410168]
1602,[14106445 10150194   942278  1104343  1005456]
1604,[ 832678 1051211 1082185  968164 1105301]
1605,[ 1082185 13003092  1096728   965766   998206]
1607,[13776705  1082185  8090537  8090509  8090521]
1608,[1082185 1106523 1029743  899624 1068719]
1609,[1082185 1070820  892728 6632283  909714]
1611,[1037840 1082185 1029743  891118  910473]
1612,[ 7167865  5577022   901062 13072944  1055425]
1613,[1029743  872508  823576 5568729  890909]
1614,[1082185 1106523 6773232  944172 1055504]
1615,[1082185 1029743 9835619 1106523  965766]
1617,[1106523 1068719  965766 5568378 9297223]
1618,[ 971922 1070820 1138443 1006184  901062]
1619,[ 970160 6391381 1037337  834117  867138]
1620,[ 862799 1024051 5592931  953539 5587656]
1621,[1106523  933835  885863 1029743 1101010]
1622,[1029743 1031864  928123 1006342 1030577]
1623,[1068719 1106523 1044078  965766  883932]
1624,[1082185  986912  819840 5569230 1026118]
1625,[1106523 1082185  928932 1000753  965766]
1627,[1029743  861184 1105488  880427 1068719]
1629,[1082185 1120559 1090931 1127831 1105488]
1630,[ 864893  865026 1107760  990869 1037135]
1631,[ 934427  983584 1089766 1101173 1045478]
1632,[1082185 1070820 6034857 1087102  942166]
1633,[ 1101010  1093413 13007846 13008334  1138443]
1634,[1044078 1029743  907631  880888 8090537]
1635,[1082185 1029743 1068719 1135044 1081177]
1636,[1082185 1068719 1081177  965766  899624]
1637,[ 948298 1126899  827999 1014948 1082185]
1638,[1082185 1067606 1004906 5566309 1138443]
1639,[1106523 5569327 1030093 1082185 1044078]
1640,[1106523 9527327 1037840 1110559  990797]
1641,[1082185 1127758 1126899  957232 1068719]
1642,[1106523 1105488 1055504  916122 1070820]
1643,[1106523 1082185 1029743 1089025  899624]
1644,[1082185 1029743 1045586 5569230 1068719]
1647,[1082185 1068719 1081177  965766  899624]
1648,[1106523  985699 1082185  983584  883665]
1649,[ 965766 1082185  916122  866211 6391381]
1650,[ 866211 1081177  944137 1082185  854754]
1651,[6034857 1082185 1104343 1114483  848319]
1653,[15926886 12731517   870843   993638   921836]
1654,[1082185 1106523 1070820 1004906  871756]
1656,[1082185  986912 1106523 1029743  871756]
1657,[1106523 1082185 1068719  871756 1116635]
1658,[ 841236  963727 1068719 1082185  957232]
1659,[1029743  916122 6034857  957063  857503]
1660,[1106523 1082185 1009770 6602697 1044078]
1661,[1055504 1070820 1126899 1082185 1026118]
1662,[1098844  837969 6034991 1031864  992986]
1663,[1082185 8292955 1070820  871756  896804]
1664,[1070820  899624 1044078 1000753  935993]
1665,[ 1082185  1024051 12946027  9835619  5568378]
1666,[1082185 1029743 1122358 1042438 1051394]
1667,[ 986912 1082185  871756 1029743  872137]
1668,[1106523 1068719 1082185  835098 1121393]
1671,[1126899 1082185  919534  901062  838186]
1672,[1029743 1106523 1082185 1044078  983584]
1673,[1106523 1029743  899624  990797 1075368]
1676,[ 888586 1026258  824305 1044259  998119]
1677,[ 5586727  1135971 15926844   885290   826695]
1678,[1106523 1029743 8090521  844179 1044078]
1679,[1082185  871756  857503 1037417  872137]
1680,[1126899  820486  940947 1004906 1104343]
1681,[1029743 1054567  982755 9487885  901776]
1683,[15926844   872137  5574377  1082185  1070820]
1684,[ 1106523  1082185  8090521 13841744  8090537]
1685,[1029743 1082185 1005274 1106523  871756]
1686,[ 953539 1017325  986912 1106523 1082185]
1687,[1126899  976199  823099  872137  858439]
1688,[1082185 1029743 1106523  871756 1044078]
1689,[1000753 1082185 1029743 1004906  858514]
1690,[ 863447 1106523  832678  999779 5569230]
1691,[ 1101010 10198378  6034857  1067695  5574377]
1692,[ 844179 1029743 1106523 1044078 1082185]
1693,[1126899 5590613 1083043 1135044 5587656]
1694,[ 947798 1108168  985893 1103105  983584]
1695,[1029743 1082185  871756 1125391  872137]
1697,[1029743 1082185 1044078  993838  946839]
1698,[ 866211 1082185 1029743  901062 1094308]
1699,[1082185 1106523  830203  983584  871756]
1700,[ 8090537 12301100  8090509  1052975   930385]
1701,[1082185 1029743  830503  995965  999104]
1702,[ 883003  933835 1101010 1112238 1106523]
1703,[1106523 5590695 5590613 1098435 5591103]
1704,[ 873324 1082185  871756 1028715  890610]
1705,[1044078 1082185  939636 1004906  942151]
1706,[1082185  871756  860248  849559  872137]
1707,[1016298  962229 5569309  929018 1029743]
1708,[ 1029743 12648296   874972  1017325  1068719]
1710,[ 1098844   845975   880427  8090440 13213240]
1711,[1029743 1106523 1086061  983000 1082185]
1712,[1082185 1029743 1126899  901062  925862]
1713,[13841744   851188   913210   893362  1032703]
1714,[1082185 1017325 1068719 1081177  965766]
1715,[1082185  859427 1098844 1022254  942151]
1716,[ 1029743  1082185 12302069   899624  5592931]
1717,[1029743  858439  852360  848319 1055425]
1718,[ 1106523 12171414  1082185  1037840  1029743]
1719,[1106523 8090521 1029743 1103105 1070820]
1720,[ 1070820   885290 12262832  9837065  1071713]
1721,[1082185 1106523  925862 1105917 1000753]
1722,[1126899 1098248  951412 1093571  835098]
1723,[ 876626 6979393  870559 1098844  922561]
1724,[1126899 1082185 9884698  854852 1127831]
1726,[1126899  866211 1071446 1044487 6391381]
1728,[ 1029743 13115579   865156  1082185  1004906]
1729,[1106523 1029743  858999 5590613  899624]
1730,[1082185 1031864 1108168 1138292 1068719]
1731,[12757140  1089025  1082185  1126899  1106523]
1732,[1029743  976199 1106523  919534  844179]
1733,[ 986912  885290  894439 6904613 1044078]
1735,[  863885   972931 12731436  1082990   912147]
1737,[ 901062 1082185 1105488 1068719  965956]
1738,[ 922847 1118033  957063 1082185 1040807]
1739,[ 1106523  1082185  5568378 13841744  1042544]
1740,[ 1075368 12946027  6034857  1074333   936470]
1742,[ 864335  908843 1114653 1019637 1082185]
1743,[1082185 1106523  899624  951412 5569230]
1744,[1106523  916758 1082212  829323 1082185]
1745,[1106271 1082185  988697 1106523 7166861]
1746,[1106523 1051323 1072693  999779 1082185]
1747,[1106523  977559 1082185  899624 6424471]
1748,[1106523  916122  936117 1044078 1028995]
1749,[1042571  849066  955587 1135834 1006184]
1750,[1029743 1082185  986912 1075470 5981267]
1751,[1029743 1070820  916122  906830  882308]
1752,[ 999270  907631 9419525 1108131 1112754]
1753,[ 986912 1106523 1067695 1068719 1082185]
1754,[  992529  1029743 12301338   911311   831628]
1755,[1082185 1029743 1043751 8090521  866211]
1758,[1126899 1029743 1132771 1082185 1076954]
1759,[1044078  940947  880150 1068719 1126899]
1760,[ 983584 1029743 1082185  948670 5592610]
1761,[1082185 1106523  854852 1044078  835098]
1762,[  983584   976199 13907062  1056509 13907063]
1763,[1037840 1106523 1025650  945662  871611]
1764,[1126899 5565925 1075368 1110244 1033973]
1765,[1070820 7169088 1029743 1016709  910473]
1766,[1082185 8090537  883003 1130458  975649]
1767,[ 5590613  1116635   986912 12262992   895166]
1768,[ 6391134 12946027   899624   999858  1082185]
1769,[ 1109778  1029743   999625 13416117  5563693]
1770,[ 960791  979707  923673 1104343  951412]
1771,[1082185 1098844  866211 1068719 1006586]
1773,[5569471 1056509  916122  913210 1117514]
1774,[1029743 8090521 1106523  883003 8090537]
1775,[1082185 1126899 1037332 1098844  860361]
1776,[1029743 1126899 1026118  979707 1070820]
1777,[1126899  864893 1082185 1098844  916122]
1778,[1029743  844179 8065410 1004906 1068719]
1779,[1070820 1101010 1137775 1125391  844179]
1781,[13416117  1106523  1029743  1112205   979707]
1782,[5569230 1082185 1072523 8090521 1079987]
1783,[ 1029743 12648296  1124971 12384779  9835509]
1784,[ 1082185  1126899   983584   979707 15831255]
1785,[ 933835  976199 1126899 1070820 1082185]
1786,[1082185 1029743 5568378 1068719 1081177]
1788,[ 909714 1029743 1092303  951412 1062128]
1789,[1082185 1044078 1099905 1109778 8090537]
1790,[ 1082185 13213567  1004906   834117  1131634]
1791,[  916122 14106445   915064  1088683   845894]
1792,[1075368  906917  880888 1023160 1106523]
1793,[1068719 1106523 1029743  901062  860703]
1794,[8090513 1102416  842140 1106523 9296919]
1795,[1070820 1101932  856335  916487 1027372]
1796,[1029743  965766 1037840 1106523 1130458]
1797,[1112825 1076954  862799  900586  967144]
1799,[1082185 1038745  851188 1122358  998119]
1800,[1082185 1126899 1070820 1004906 8014645]
1801,[ 854900 1116635 1082185 1013928 9884698]
1802,[ 885290  884089  854852 1048068 9707010]
1803,[ 939860 6979579  862799 1138292 6391152]
1804,[  948670   862799   852856   912704 13213240]
1805,[1082185  931255 1075368  880888 1006483]
1806,[1029743 1126899 5568378  893018 5585510]
1807,[1098844  908312 1098248 8090560  951412]
1808,[1037840  976199 1082185 5569230  986912]
1809,[1082185 1003257  916122 8090536 1029743]
1810,[1029743 1098284 1018818 1076842 1082185]
1811,[1135258 1106523  901976 1082185  866211]
1812,[ 1082185  1075282   852014   892573 12781829]
1814,[1082185  976199 1029743  899624 1128244]
1815,[ 1029743 15831255  6034857   839243   899624]
1816,[1029743 1082185  863447 1070820  983584]
1817,[ 872137  925862  866211 1004390  949784]
1818,[1082185 1106523  906917  899624 1044078]
1819,[  936914 12946027   965766  6602697  1082185]
1820,[1082185 8090546 1092303 1037332  854261]
1821,[1106523  983584 8090521  844179 1044078]
1823,[1070820 1029983  883003 1098844 1092303]
1824,[1106523 1043787  862010  983584  916122]
1826,[1029743 1106523 1044078 9884698 1082185]
1827,[1029743 1082185 5568378  844179 1044078]
1829,[1029743 8090537  914753 1135044 1105488]
1831,[1082185 1098248  976199 1051323  857503]
1832,[1061747  848029 1137775  967994  906900]
1833,[1106523  838186 1000753  983584 1029743]
1834,[1106523 1029743  916122 5592931 1068719]
1835,[ 988206 1026258 5565925  903800 1044259]
1837,[957736 979707 965842 834117 870428]
1839,[1106523 1101932 1065061 1070727  965766]
1841,[ 872137  999858  866828 1010578 1004906]
1842,[1082185  986912  979707  844179  883932]
1843,[1082185 5569230 5569845 1122358  849202]
1845,[1126899  976199 1110244 9881593 1133850]
1846,[1082185 1029743  839208  899624 1004385]
1847,[5569230 1070820  991761  908283  825118]
1848,[1135834  986912  894439 1077133  892573]
1849,[1029743 1040416 1070820 1082185 5592232]
1850,[ 979707 1070820  852235 6034857 1022254]
1851,[1082185 8090521 1101010  940947 9803433]
1852,[1115098  980246  948670 1125497  880427]
1854,[15831209 10457590  1046756   980246   897922]
1856,[ 986912 1029743 1044078 1126899 1124323]
1857,[1082185 1029743 1003616 1037840 1051718]
1858,[12782182  1004906   916122  1027372  1057102]
1859,[1082990 1082185 1127831 1062128 6039759]
1861,[1068719 1029743  987571 1008714 1044078]
1862,[ 1082185   916122  1092303 13007846  1011926]
1864,[ 901776 1092303  965842  979707 1098248]
1865,[1098435 1092303 1003616 1070820  833724]
1866,[1082185  970160 1068719 1081177  965766]
1867,[ 916122  897954 1082185 1126899  849202]
1868,[1082185 1103808 1025611  956284  996009]
1869,[1070820 1126899  940947 1050851 1044078]
1870,[1070820 1082185  866211  919534  926033]
1871,[1082185 1055425  854852  944836  970160]
1872,[1102416 1134473 1126899 9835509  944836]
1873,[1106523 1044078 9446069 1029743  844179]
1874,[1029743 1132771 1082185 1121393  844179]
1875,[ 969866 1082185 1037863 1105917 1081177]
1877,[1029743  983584 8090440 1122358 1082185]
1879,[ 933835 1082185  885290 1101010 1040807]
1880,[ 930385 1106523 1082185 1044078 1037840]
1881,[ 913210  852360  901062 1082185 1027068]
1883,[1029743 8090521  983584 1106523 1075368]
1884,[1082185 1029743  989069  962185 1008814]
1885,[1082185 1068719 1081177  965766  844179]
1886,[1106523 1082185  949023 1068719 1081177]
1887,[1126899 1082185  866211 1070820 1105488]
1889,[1082185 1029743  944836 1075368  880427]
1890,[1126899  916122 1061982 1003616  903800]
1891,[1082185  930918  827079 1022340  973086]
1892,[1068719 1044078 1021116  863762  851819]
1893,[1082185 1068719 1081177  965766  844179]
1894,[ 1029743 12648296   957063  1106523  1083787]
1895,[1106523 1082185 1129049 1008032  879734]
1896,[1082185 1029743 1075368  971922  822739]
1899,[1122358  957063  883932  839656 1069003]
1900,[9831557  898847 1098485  866355  872137]
1901,[1013928 6391134 1017369 5567169 5566309]
1902,[1106523  962229 1082185 1126045 1135834]
1904,[1082185 1126899 1127831  942475 1137775]
1905,[1029743  903800 1070820 1082185 1106523]
1906,[ 1114653  1046756   871633 12810422  6979415]
1907,[1104343  848319  845975  976199 1125601]
1909,[1082185 1044078 1068719 5569230 1050851]
1911,[1044078 1082185  844179 1070820 5568378]
1912,[ 1029743  9483753 12302069  1082185  1106523]
1914,[ 894439 1077133  892573 1043787  862010]
1916,[1106523 1068719  944534  885290 1004906]
1917,[ 975085 1053628  896085  829722 1072693]
1918,[1082185  872137 6463710 1116020 1029743]
1919,[1106523  871514  917772 1098284 1103513]
1920,[1019643 1137688  833724 1082185 1070820]
1921,[1029743  933835 1070702 1042571 1056509]
1922,[ 1126899  9553048  6391173 10457044   897083]
1923,[1098844  901062  835098 1087081 1128016]
1924,[1067695  965530  965772  983584 1132956]
1925,[ 1029743 12262832   901062  1024306   989830]
1926,[1068719 1082185  844179  865456  976199]
1927,[ 5572738  1044078 13841744  5587656  1122358]
1928,[1070820  908504  983584 1082185 1019078]
1929,[1106523  933835  913210 1075368 1056509]
1930,[1029743 1106523 1051323 1101010 1122358]
1931,[1106523  823704 1068719 1082185 1031831]
1932,[1029743 5569230 1082185 1101010  940947]
1933,[1106523 1029743 1082185 5590613 1126899]
1935,[1126899  998519  999104 1048257  908318]
1936,[1029743  971922  844179 1138443  856335]
1937,[ 833724  986912  836085 1070820 1081177]
1938,[1082185 1029743 1126899 8293439  976114]
1939,[1068719 1044078 1004906  844179  926905]
1940,[1026118  950118  969866 1082185  947875]
1941,[1106523 1082185 1044078 5592931 1037840]
1942,[1106523 5569230 1004906 5585510 1082185]
1943,[1029743 7152455 1106523  983584 7147142]
1944,[1070820  971922  994223  880427  919423]
1945,[1082185 1029743 1070820  946839  839419]
1946,[ 1082185  1070820   916122 12946027 10344585]
1947,[  933835 15926886  1097635  1126899  1028938]
1948,[1082185 1137688 6602590  848319  916993]
1949,[1044078  908843 1136755 1048833 1127831]
1950,[1106523 1082185  921504  899624 1044078]
1951,[1082185 1127831 1004906 1081177 1076199]
1952,[1029743  995502 1082185 5981267  999779]
1953,[1082185 1004906  993638 1050851  827919]
1954,[1026118 1038745  969866 1082185  934639]
1955,[1082185 1063739 1007414 1029684  861256]
1956,[ 933835 1126899  970866 1070820 5569374]
1957,[9245108 1029743 8177622 1040807 5568995]
1958,[1082185  857503  899624  982755 1055504]
1959,[1029743 9245108 1040807  940947 1132771]
1960,[1044078  844179  831628  825343  880150]
1961,[1106523  982790 1082185 5587656 1044078]
1962,[ 976199  913210 1112825 1056509 1040807]
1963,[ 999779 5569471  886996 1009361  866211]
1964,[ 870428 1082185  925350 1125391 1004906]
1965,[9884484 1106523 1029743 9881593  893018]
1966,[9655482 1019643  833724  944836 1125497]
1967,[1029743 1082185 1106523 1070820 1127831]
1968,[1082185 1029743 1068719 1090676 1005274]
1969,[1029743 8090509 1044078 8090537  916122]
1970,[1082185 1029743 1106523  845914  910673]
1971,[ 1029743 12757140   979707  1070820   899624]
1972,[1106523 1082185  957232  929018  848319]
1975,[ 883003 5574377 1138443  820301 1108055]
1976,[1082990 1082185 1106523  988116  980246]
1977,[1082185 1103105 1026118 1068719 1040416]
1979,[1106523 1029743 1082185 1004906  888586]
1980,[ 935993 1042571 5568447  869388 1101010]
1981,[1126899 1082212 1122358 1063577 7442004]
1982,[1082185  912451 1080472 1121384 1067779]
1983,[ 908318  866211 1029743 7166865 1040807]
1984,[1082185 1068719 1081177  965766  844179]
1985,[ 823576  946839 1132231  862682  837969]
1986,[1082185 1004906 1044078 1068719 5568378]
1987,[1082185 1068719 1081177  965766  844179]
1988,[ 1106523   935578   965041  1003616 13003101]
1989,[ 898847  840227  999858 1082185 6463710]
1990,[ 1126899  1029743 13007846   856942   824305]
1993,[ 862010 1082185 1043787  986912 1132771]
1994,[1082185 1029743 1126899 1070820 1044078]
1995,[ 5568732   822739   901062 13944905  5566309]
1996,[6034577  851394 1126899 1070820  880427]
1997,[ 1126899  1010051   985889 10344585   824037]
1998,[1106523 5592931 1082185 1044078  844179]
1999,[1082185 1029743 1004906 1044078 1105917]
2000,[1082185 1029743  844179 1068719 1050851]
2001,[1082185 1029743 1070820 1126899 1068719]
2002,[1106523  916122  946839 1029743  862799]
2003,[ 1006906  5569471   865392  1082185 12757280]
2004,[ 990797 6514160 5568378 1006664  900586]
2005,[1082185 1068719 1029743 1006664 1044078]
2006,[5569471 1106523  916122 5574377  866211]
2007,[ 895295  845208  883003 1092303 1067606]
2008,[1126899  885290  913210  865511 5570383]
2010,[1082185 1104649  857130 1044078 7152455]
2011,[1082185  916487  973086 1004906  827079]
2012,[1106523  916122  866211  868645 1029743]
2014,[1082185 1106523 1029743 5592931 1044078]
2015,[ 1029743 13877192  1082185  1126899 15926844]
2016,[ 1082185 12731544  1106523   933067  1026118]
2017,[ 1126899   983584   916122   951412 13007986]
2018,[1082185 1106523  866211  967041 1029743]
2019,[1058345 9884698  895166 1024051 1037840]
2020,[1093413  898847 1127470 6602697  921836]
2021,[9835223  896862 1004906 1044078  883932]
2022,[ 1082185  1098844 13944905 13073175   994223]
2023,[ 852856 1082185 1011457  990297  835296]
2024,[1126899 1106523 1082185 1098844  925854]
2025,[1082185 1029743 1051211  940947 1128244]
2026,[1082185  944534  866211 1044078  913210]
2027,[1082185 1029743 1044078 1116635 1004906]
2028,[5569230 1029743 8090509  839419 5568378]
2029,[1091926 1082185  892728 1029743  960253]
2030,[ 971922 1043751 1087102 1029743  883003]
2031,[1082185 1106523 1038745 1044078 1068719]
2032,[1082185  880050 1070820  864893 1004906]
2033,[1002771 1082185 1029743  825994  866211]
2034,[1126899  900802  897954 1106523 1080472]
2035,[1082185 1044078 1004906  922847  930666]
2036,[1126899 1105488 1024306  854852  944836]
2037,[ 990797 1068719 1029743 1082185 1018007]
2038,[1082185 1029743 1068719 8090537  965766]
2039,[1029743 1106523 1082185 1124695 1001656]
2040,[1029743 1106523 1082185 1122358 1004906]
2041,[1074333  878715 1020962 1127716 1008814]
2042,[1126899  971922 1098844 1029743 1131634]
2043,[ 998119  986912 1082185  992529  922561]
2044,[1082185 1029743 1126899 1106523  848684]
2047,[ 933835  883003 5565322 8090537 1029743]
2048,[6391137 1106523 1082185 1075368  863447]
2049,[1082185  976199 1056005  933835  866211]
2050,[ 1024051   857503   899624  1088683 13841744]
2053,[ 1029743   965766  9392700  8090537 12757140]
2055,[5568378 1011926 1080853  864805 1104343]
2056,[ 962229 8090521 1106523 8090537 1125123]
2057,[1082185 1070820  983584  916122 1126895]
2058,[14106445   872137  5569471  1061982  1022254]
2059,[1082185 1126899 1022254  949294  896085]
2060,[ 986912 1029743 5569230 1082185 8090537]
2061,[1082185 1053282 9803433 9487498 8090440]
2062,[1022254 1029743  979707  831712  999270]
2063,[ 986912 1127831  866211  961447 1105917]
2064,[1006483 1029743  951412 8090440  916122]
2065,[1029743 1044078 1110244 8090537 8090521]
2068,[1070820 1082185  919126 1004906 1086061]
2069,[1106523 1004906 1029743 1044078  986912]
2070,[ 1092937   913210   990797  1072917 12810391]
2071,[1068719  933835  899624 1004906 1029743]
2074,[1082185 1106523  862799  844179 1057749]
2075,[1029743 9419525  899624 1006483 1114653]
2076,[1106523 1098844  829323  917406  835098]
2077,[1106523 6391381  896613  833724 1082185]
2078,[1106523 1029743 1082185 1044188 7154535]
2079,[1106523 1025650 1026118  983016 5569230]
2080,[1106523 1044078  919534  835098 1016709]
2082,[ 1029743 15926844   899624   848319   916122]
2083,[1070820 6533681  911614  844179  907099]
2084,[1082185 9652066 6034857 1070820  916993]
2085,[  962229  1101010   983584  1043751 13877192]
2086,[1082185 1029743  866211  834117 1015280]
2087,[  916993  1137688  1037332   859987 12731432]
2088,[1082185 1029743  919534  866211  867272]
2089,[1126899 1082185  855454  999391 1102829]
2090,[1082185 5576075  916122 1118033 6602697]
2093,[8090521 8090537 1082185 1029743 1037840]
2094,[1082185 1070820 5569374 6463775 1012627]
2095,[ 986912 1106523 1068719  883003  842423]
2097,[ 857540 5590613 6391557 5568197  909800]
2099,[1082185 1029743 1101010 1026118 1092937]
2100,[1082185 1106523 1117514  899459  895166]
2101,[ 883003 1082185  910032  926905  869322]
2102,[  940947   872137 12262778   854852  1125391]
2107,[1029743 1082185  916122  859427 6463717]
2108,[1082185 1106523  983584  899624 1029743]
2109,[ 935993 8065410  983000  999270 1041796]
2110,[8066803 9420067 1026118 8118764 1005456]
2111,[1082185 1126899  909714  944836  901062]
2112,[1029743 9707078 1126899  965530 1098248]
2113,[ 916122  883003 1138443 1042544 1029743]
2114,[ 986912  885290 1105488  907099 1126899]
2115,[ 1070820 15926844   819927  1027168  1123022]
2116,[13654702  1131529   899115   971585   947875]
2117,[9835619 1094744 1082185 6534077 1006664]
2119,[ 1029743 12757140 12731432   947201   959821]
2120,[1082185  909714  901062 1068719  965766]
2121,[ 976199  848319  951412 9835509  872137]
2122,[1082185  909714  901062 1068719  965766]
2123,[ 957232  832678  993638  899624 1076199]
2124,[1126899 1029743 1106523 1096563  878996]
2125,[ 883003 1029743  925862  863885  976199]
2126,[  872137   833724 13380863   921836   854852]
2127,[1029743  983584 1082185 1126899  871756]
2129,[1024051  863885 1051323 1050851 1081177]
2130,[1082185  909800 1068719  983584 1045228]
2131,[1022254 1070820  986912 1029743  965766]
2132,[1082185  990797  903800  980943  879966]
2133,[1126899 1029743  825365 1043751  866548]
2134,[1082185  962229 1098844  825343  892376]
2136,[  901062 13906641  1082185   834158  1087102]
2137,[1029743 1068719 1082185  968072 5592931]
2138,[1029743 1042544 1082185 1080677 1070820]
2139,[1070820  885290  957232  940947 1100972]
2140,[1082185 1070820  854852 5565322 1127831]
2141,[1070820  971922  933835  883003  897671]
2142,[  936470  6533362 15831255   923169  6513604]
2144,[1082185 1029743 1054539 5568378  866211]
2145,[1082185 1127831  896085 1117514  848319]
2146,[13776705   944836   904236   999090   898121]
2147,[ 848319 1104343 1098248  951412  953539]
2148,[1101010  948670 1068719 1082185  880150]
2149,[13416117   849202  1106523  1082185   939681]
2153,[13841744  1029743  1004906  1044078  5592931]
2154,[1106523  999270 1082185  901062  866211]
2156,[ 913210 1029743 1122358  965889 8090537]
2158,[1082185 1116770  926033  951412  986912]
2159,[1082185 1106523 5592931  922561  832678]
2160,[ 953539 1082185  856942  969725  951412]
2161,[1126899  865156  951176  976214  958208]
2162,[6395907 1052294  979674 1127716 1059153]
2165,[1082185 1004906 1044078 1105917 1068719]
2168,[8090521 1044078  916122 1075470  844179]
2170,[1013928 1106523 7441498 6463483 1029743]
2171,[ 907099  974336 1081533  986912  921763]
2172,[1029743  906844  849202  983665 1082185]
2173,[1062002 1087102 1105488 1132771 1118033]
2174,[1082185 1106523  866211 1126899 1068719]
2175,[1082185 8292955  890695  849697  947412]
2179,[1082185 1106523 1068719  916122  895166]
2181,[1126899  971922 1070820 1087102 1082185]
2182,[1029743 1082185 1106523 1004906 8090556]
2183,[ 1082185 12731432  6034857  1029743  1098248]
2184,[1029743  983584 1106523  962229  863885]
2185,[5569376  820301  972665 5566309 1100972]
2186,[1106523 1068719 8090521 5569230  965766]
2187,[1038663 9835223  899624 1082185 1051323]
2188,[1106523 1101010  819978  933835  913210]
2189,[1029743  834117  913210 1082185 1015280]
2190,[ 883003  993638 1043751  995628  983106]
2192,[1082185 1106523 1072523 1029688  849202]
2193,[1055504 1104414  878775 1005274 1092303]
2194,[ 1042571  1090884  1003649 15926886 12384629]
2195,[1126899 1055504 1138443 1082185 1005274]
2196,[1029743 1082185  901062 1098248 1055504]
2197,[1082185 1044078 1138487 1040807  916122]
2198,[ 986912  944534  913210  863762 1137775]
2199,[ 1126899  1070820 12384779  1139525  1029743]
2200,[1138858 6773232  870929 5570109 7409644]
2203,[1029743  951412  844179 1126899 1018818]
2204,[ 820923 1082185 1044078  871756 1106523]
2206,[1082185 1029743 1068719  965766  853124]
2207,[ 911311 6602697 9297062  965766  910673]
2208,[ 940947 1106271  972665 1128016  908064]
2209,[1029743 1070820  983584  866211 1098844]
2210,[1082185 1068719 1029743  899624 1044078]
2211,[1126899 1126045 1026209 1070820  850834]
2213,[1106523 1126899 1070820 1098248 5566235]
2214,[1082185  919534 1082212 1068719  965766]
2215,[1112205 1128240  880150 1082185  979707]
2216,[1106523 1082185 1072523 1070820 1029743]
2217,[1022254 1029743 1019643 6633210 1070820]
2218,[1082185  899624 1138423  957411  947798]
2220,[1082185  866548  880150  854405 1068719]
2221,[1082185 7410320 6533368 1120261 1126899]
2222,[5569230 1029743 1068719  990797  827667]
2223,[1082185 1029743 1104649 1109778 1124695]
2224,[1070820 1038985  923670 1100273 1097761]
2225,[ 872137 1110111 1126899 1070820  845265]
2226,[ 989683 1126899  981660  981677  901062]
2227,[ 1029743 12695224   917033  1106523   983584]
2229,[ 880427 1034176  965772 1127716  839419]
2230,[ 916122  847207 1082212 8090521  946839]
2231,[ 944836 1070820 1126899 1024306  979707]
2232,[1082185 1029743  916993 1102416  835098]
2233,[8290421  951412  870515 1117219 1098248]
2234,[ 854754  915493  984315 1007259 1121694]
2235,[14106445 12731436   969866   981374 12810464]
2236,[ 1029743 10341234   916122   856060  1106523]
2237,[ 913210  844179  872137  916122 1004906]
2238,[ 971983 1126895  862318 1029743  834117]
2240,[1106523 1029743 5568378  983659 5565392]
2241,[1029743 1082185 1106523 1122358  899624]
2242,[1082185 1029743 1037840 1083787 8090537]
2243,[ 899624 1029743  971922 1043751  825343]
2244,[1106523 1068719 1029743 1044078  907631]
2245,[1044078 1068719 1004906 1098248  878996]
2247,[ 1106523   872137   841236 12757140  1115069]
2248,[1082185 1106523 1126899  983584  835973]
2250,[12731432  1094308  1082185  1029743   983584]
2251,[1082185 1029743 1106523  933835  970866]
2252,[1029743 1082185 1024051  957063 1104343]
2255,[1082185 1029743  949784  837751 1086483]
2256,[1082185  862799 8090537 1068719  965766]
2257,[1104349 1106523 1082185 1029743 1113651]
2259,[1082185 1068719  965766 1081177  844179]
2260,[ 1029743 13841744  1069003   979707   854852]
2261,[  983584  1037840   963686   926905 13877192]
2262,[6773232 1019247 1122358 5981267  893018]
2263,[5592931 1022254  976199 1094308  986912]
2264,[ 1126899 10457044  5566472  5981267  5587656]
2266,[ 1026118   824305 12946027  1104343   993638]
2267,[ 913210 1126899 8019977 1091901 1082185]
2268,[1082185  897671  839656 8090541  924129]
2269,[  844179   916122   878996 12731517  1082185]
2270,[ 922561  892500 1044078  950030 1068719]
2272,[ 852235 1082185 1040807  940947 1045586]
2273,[ 867547  880427  934948 1082185 1029743]
2274,[1101010  971922 1013928 1072086  933835]
2275,[  916122   899624   844179  1044078 12301100]
2276,[ 1082185 12946027   946839   983584  1040807]
2277,[1029743 1106523 1013928  947798 1044078]
2278,[ 951412 1070820 1082185  922127 1121694]
2279,[  849697  1082185  8090537 10456467   944534]
2280,[ 883003 1070820 5569230 1101010 1137775]
2281,[ 1126899   913210 13213082  8069118  1107973]
2282,[1082185  833724 1070820  900802 1098248]
2283,[1106523 1082185 1070820 1126899 1011427]
2284,[1044259  872137 1048257  944836 6514160]
2285,[9707461 1134633 7464370  930918 1082185]
2286,[1082185 1029743 5565322 1070820 1004001]
2287,[ 1029743   854852  1082185 13008065   980943]
2288,[1126899 1082185 1070820 8019977  857503]
2289,[ 913210 1029743  834396 1082185  984680]
2290,[1029743 1082185  827656  883003  865456]
2291,[12523928   962588  1082185  9885520   849100]
2292,[1029743 1082185  894627  899624  865456]
2294,[1082185 5590613  909800 7410201  912451]
2295,[5590613 5563934 1080472  850139 1019142]
2296,[ 913210  856252 9245108  908236 1067606]
2297,[12731544  1127758  1082185  1106523   854852]
2298,[1029743  821741  856252 1106523  844179]
2299,[ 878996 6602697 9833335 1091858  916122]
2300,[1029743 1124323 8273833  965766 8273950]
2301,[ 1029743 13158064  1082185   983584  1021324]
2302,[1082185 1029743 1004906 1102416  916990]
2303,[1029743  933835 1127831 1106523 5569230]
2305,[1029743 1069039  983584  923314  866211]
2307,[13190240   883003  1007148   933835  1138443]
2308,[1082185 1029743  835300 1068292  892314]
2309,[1082185 1106523  879734 1068719  965766]
2310,[  896613  1068719  1082185 12946027   965766]
2312,[1070820 1092303  979707 1037332 1048257]
2313,[1082185 1036699 1068719  965766 1081177]
2314,[1048257 6463775 1126899 1131488  916993]
2317,[1082185  933835 1098844 1055425 1138443]
2319,[1029743 1082185 1044078 5569230 8090537]
2321,[1082185 1029743 5569230 1068719  965766]
2322,[ 1082185  1044259   909714 13417954   903800]
2323,[ 1082185   834303   904236 10201384  1068719]
2324,[1029743  899682  938118  865156 1094924]
2326,[1119761 9836106 1029743 1082185 1106523]
2328,[1082990  929373  988202  933354  944836]
2330,[1101010  925854  830526 1126899  872137]
2331,[1029743  933835  856252 1044078  890695]
2332,[ 860248 1082185  839438 1025641 1076842]
2333,[ 1082185  1116050  6443350  6533936 13158992]
2334,[1102416  892573  859154 5566800 1103105]
2335,[1029743 1082185 1106523  899624 5590613]
2336,[1029743 1122358 5568378  916122 1106523]
2337,[1067695  894439 1082185 1097398  937791]
2338,[1106523  890695 1082185 1022340  923670]
2339,[1082185 1106523 1075765 5568378 1083787]
2341,[ 1106523  1081177  1098284  5568378 12301100]
2342,[1029743  866548 7166865 1056509  901062]
2343,[1029743  916122  856060  883003 1104343]
2344,[  839438  1106523  1000753 10285373  1082185]
2345,[1106523 1029743 5569230 8090521  983584]
2346,[1029743  916993 1068719 5565784 1029272]
2347,[1029743 1122358 8090521 1127831 1082185]
2348,[1082185 1068719  965766 1081177  844179]
2349,[1029743 1070820  836085 1106523 1082185]
2350,[1082185 1029743 1067695  899624 1101010]
2351,[ 1072693  1048727  5579359   843464 12484491]
2352,[1082185  965766  909714 5568378  944137]
2353,[1082185 1106523  866211 1047769 1056509]
2354,[  913210 13003101  8019649   866211  1126899]
2355,[ 1082185   960942 12810393  1068719   965766]
2357,[9575582 1029743 1082185 7166861 1137483]
2358,[ 844179  854852  989824 1004906 1117690]
2359,[1106523 1082185 1103105 1122358 1044188]
2360,[ 909714  883003 8091550  853448 5568729]
2361,[1126899  915459  865511  863885 1053329]
2362,[1082185 1029743 1122358  866211  946839]
2363,[6602697  944137 1082185 1029743 1070820]
2364,[5707857 1082185 1068719 1081177  965766]
2366,[1104414  913210  886996  957411  870929]
2367,[1106523 1029743 1126899  907631 7147142]
2368,[1082185 1056509 1029743 1055155  947146]
2369,[1029743 1112238  863885  908217 8090440]
2370,[ 1070820  9392700  1098248 13380863  1130858]
2371,[1025650 1026118  819840 1106523 1072523]
2372,[1029743  982469 1037840 8090532 6773232]
2373,[1082185 7152455 1068719  965766 1081177]
2374,[1070820  872137 1019643 1137775  933835]
2375,[ 896613 8065410  986021  847962  883932]
2376,[1126899 1029743 1057168  919534 1040807]
2377,[ 1082185 13189726  1004906  1055168   927238]
2378,[  819927  9527323  1054402  1139142 12132648]
2379,[ 848684 1126899 1082185  854405  860248]
2380,[1122358 1029743  948670 8069336 1039927]
2381,[ 895930  890695  916122  969866 1082185]
2383,[1082185 1106523 1029743 1134483  999779]
2386,[1082185 1029743  983584 1070820  826666]
2387,[ 848029  940947 1082185  866211  844179]
2388,[1106523  854900 1029743 1082185 1044078]
2389,[ 1029743   937736   893018 12946027  1106523]
2392,[ 965766 1068719 5568378 1004906 1106523]
2393,[913210 907099 903800 962967 944836]
2394,[ 986727 1082185  866211 9527184  849202]
2395,[1029743 5569230  993638  825731  985893]
2396,[1082185 1029743 1068719  965766 1081177]
2398,[6463775 1082185 1027168  891118  916122]
2399,[1106523 1082185 9835619 1068292  993638]
2400,[ 838186  947798 1014948  957232  887526]
2401,[ 825343  854852 6979518 1106523  848029]
2402,[1106523 1082185 1044078  899624 1019637]
2404,[1082185 1068719  965766 1081177  844179]
2405,[ 878996 6602697 1091383  936914 1029743]
2406,[ 1126899  1070820   859987 10344585  1006184]
2407,[ 878442 1029743 1119830 1092588 5592261]
2408,[1029743 1138443 1101010  908318  938138]
2410,[1106523 1029743 1070820  916122  899624]
2412,[13841744   870547  1122358   883932  1092937]
2415,[1038745  869660  986912  983000 1116589]
2416,[12808385   899624   849697  6633210   910473]
2418,[1029743 9245108 1072693 1101010  943076]
2419,[1126899 1127831 1029743 1082185 1070820]
2420,[ 1068719  1106523 12731714   944534  1004906]
2421,[ 909714 8290421  972665  885697 1110244]
2423,[1029743 1075368  911974  915715 1134810]
2424,[ 913210 1072693 1029743  844179 1019643]
2425,[1070820 1029743 1106271  976199  826666]
2426,[1029743 1058404 1082185 1044078  844179]
2427,[ 1130858 10341855  1054539   856252   919534]
2430,[  976199  5569230  8065410  1126899 13877192]
2431,[1082185 1106523  969866  918345  848029]
2432,[1029743  986912 1110244 1101010 1137387]
2435,[  899624 12695224  1029743 10198378 12731517]
2437,[1070820 7409618 7409644 1048068  859160]
2438,[8090556  892531  919766  892048 5592094]
2440,[ 874972 1106523  965766 1082185  871756]
2441,[1029743  898121 1051211 1082185  885023]
2442,[1126899 1082185  940947 5569230 1009187]
2445,[ 991592 1101010 1102879 1082185  976199]
2446,[1044259 1000542  938118  941368 1082185]
2447,[5578547 1006342 1127831 1109778 1093113]
2448,[  951412  7168026 12731714  7168057   835098]
2449,[ 979707  872137 1115098 1034955 6514160]
2450,[1070820 1121384  831628  896804  919534]
2451,[ 1018822   872137 13003101   854716  1006906]
2452,[ 949023 1106523 1137387 1014999 1074333]
2453,[ 976199 1070820 1136719 6391381 1106271]
2454,[1082185 1037332 1068719 1081177  844179]
2455,[1029743  933835 1102416  844179 1106523]
2456,[ 951412 1082185  916122 1126899  866211]
2457,[1106523  876115 1134210 1082185 1104343]
2458,[1127831  965842 1082185  901062 1100972]
2459,[1135468 1031864 9676938  918638  820612]
2460,[5569230 5568378 1082185  878715 1082990]
2461,[ 866871 1082185 6034857  866211  883932]
2462,[1137688  979707 6034857  901062  882247]
2464,[1070820 1082185 1082212 1127831 1051211]
2465,[ 1082185 10344585   986912   976199  1048727]
2466,[1029743 1106523 1122358 1068719  857130]
2467,[1126899 6602697 1083446 1069863 1127831]
2468,[1106523 1044078 5568378 1094924  979707]
2469,[1082185  832526  981601 1081177 1130375]
2470,[ 823356 1082185 6391381 1019643  961979]
2471,[1082185 1029743 1068719 1126899  848319]
2472,[ 1082185  1029743   986912  1132771 12695224]
2474,[1029743 1011427  967144 1082185 1013531]
2475,[1070820 5569471  837969  971922  871188]
2478,[ 979707  872137  965766  932949 1137775]
2479,[ 845975 1061982 9835509 8090541 5565925]
2481,[ 1029743  1057749 15831255  1056509   823721]
2482,[1106523 1004906 1029743  899624 1082185]
2483,[6533936 1082185  948832 1070820 1135971]
2484,[1029743  899624  878715  871514 9527184]
2485,[12695224  1082185   827656  1098844   865456]
2486,[ 1029743  1106523   916122 13877192  8090521]
2487,[1082185 1029743  828588 1060318 6391532]
2488,[15831255   972665  1094924  1043751  1006664]
2489,[7410304  965842 1092588 1112205  900802]
2490,[1082185 1106523  844179  880150  939636]
2492,[1106523  993592  883003 1128812 1087102]
2494,[1004906 1082185 1070820 1029743  969568]
2495,[1082185 1126899 1068719  846811  906838]
2496,[1106523  933835  899624 5568378 1056509]
2497,[1051323 1102207  900802 1135834 1010950]
2498,[1070820 1106523 1100379  896074  907993]
2499,[1070820 5568378  846417  899624 1123022]
2500,[1019643 5566235 1065538 1056509 1013389]
